Pedido,Data pedido,Fornecedor,Data prevista,Data entregue
1,18/02/2025,MJA,28/02/2025,23/06/2025
2,18/02/2025,TOD,28/02/2025,14/04/2025
3,18/02/2025,MUL,28/02/2025,23/06/2025
4,18/02/2025,PB,28/02/2025,23/06/2025
5,18/02/2025,PB,28/02/2025,23/06/2025
6,18/02/2025,PB,28/02/2025,23/06/2025
7,18/02/2025,PIN,28/02/2025,23/06/2025
8,19/02/2025,PB,28/02/2025,10/04/2025
9,19/02/2025,DCS,28/02/2025,18/03/2025
10,19/02/2025,MJA,28/02/2025,18/03/2025
11,19/02/2025,MJA,28/02/2025,18/03/2025
12,19/02/2025,TOD,28/02/2025,18/03/2025
13,21/02/2025,JPM,28/02/2025,31/03/2025
14,21/02/2025,MJA,28/02/2025,31/03/2025
15,21/02/2025,VC,28/02/2025,31/03/2025
16,21/02/2025,ALRT,28/02/2025,31/03/2025
17,21/02/2025,ALRT,28/02/2025,31/03/2025
18,21/02/2025,ALRT,28/02/2025,31/03/2025
19,22/02/2025,ALRT,28/02/2025,31/03/2025
20,22/02/2025,ALRT,22/02/2025,31/03/2025
21,22/02/2025,ALRT,28/02/2025,31/03/2025
22,22/02/2025,ALRT,28/02/2025,31/03/2025
23,22/02/2025,MF,28/02/2025,31/03/2025
24,22/02/2025,MF,28/02/2025,31/03/2025
25,22/02/2025,CCT,28/02/2025,31/03/2025
26,22/02/2025,CCT,28/02/2025,31/03/2025
27,22/02/2025,STO,28/02/2025,31/03/2025
28,22/02/2025,DCS,28/02/2025,31/03/2025
29,22/02/2025,STO,28/02/2025,31/03/2025
30,22/02/2025,STO,28/02/2025,31/03/2025
31,22/02/2025,FT,28/02/2025,31/03/2025
32,22/02/2025,PB,28/02/2025,31/03/2025
33,22/02/2025,MJA,28/02/2025,31/03/2025
34,22/02/2025,AEA,28/02/2025,31/03/2025
35,22/02/2025,AEA,28/02/2025,01/03/2025
36,22/02/2025,MJA,28/02/2025,03/03/2025
37,24/02/2025,RTPS,28/02/2025,10/04/2025
38,24/02/2025,WGA,28/02/2025,10/04/2025
39,24/02/2025,FT,28/02/2025,10/04/2025
40,24/02/2025,FT,28/02/2025,10/04/2025
41,24/02/2025,FT,28/02/2025,10/04/2025
42,24/02/2025,FT,28/02/2025,10/04/2025
43,24/02/2025,FT,28/02/2025,10/04/2025
44,24/02/2025,FT,28/02/2025,10/04/2025
45,24/02/2025,FT,28/02/2025,10/04/2025
46,24/02/2025,FT,28/02/2025,10/04/2025
47,24/02/2025,FT,28/02/2025,10/04/2025
48,24/02/2025,VC,28/02/2025,10/04/2025
49,24/02/2025,VC,28/02/2025,10/04/2025
50,24/02/2025,VC,28/02/2025,10/04/2025
51,24/02/2025,SAP,28/02/2025,10/04/2025
52,24/02/2025,TOD,28/02/2025,10/04/2025
53,24/02/2025,MJA,28/02/2025,10/04/2025
54,24/02/2025,AB,28/02/2025,10/04/2025
55,24/02/2025,STO,28/02/2025,10/04/2025
56,24/02/2025,PB,17/03/2025,10/04/2025
57,24/02/2025,JOW,17/03/2025,10/04/2025
58,25/02/2025,JOW,01/03/2025,10/04/2025
59,25/02/2025,JOW,28/02/2025,31/03/2025
60,26/02/2025,PB,28/02/2025,31/03/2025
61,26/02/2025,BFPS,28/02/2025,31/03/2025
62,26/02/2025,TOD,28/02/2025,31/03/2025
63,26/02/2025,TOD,28/02/2025,31/03/2025
64,26/02/2025,TOD,28/02/2025,31/03/2025
65,26/02/2025,AFE,28/02/2025,31/03/2025
66,26/02/2025,AFE,28/02/2025,31/03/2025
67,26/02/2025,FSS,28/02/2025,31/03/2025
68,26/02/2025,CM,28/04/2025,27/04/2025
69,26/02/2025,CIMDE,28/04/2025,27/04/2025
70,26/02/2025,MJA,28/04/2025,27/04/2025
71,26/02/2025,ACDMH,28/04/2025,27/04/2025
72,26/02/2025,VC,30/04/2025,29/05/2025
73,26/02/2025,PB,30/05/2025,
74,26/02/2025,LCM,30/06/2025,
75,26/02/2025,DLCA,30/07/2025,
76,26/02/2025,DLCA,30/04/2025,29/05/2025
77,26/02/2025,DLCA,30/05/2025,
78,26/02/2025,DLCA,30/06/2025,
79,26/02/2025,JOW,30/07/2025,
80,26/02/2025,CDMICT,30/04/2025,29/05/2025
81,26/02/2025,SWA,30/04/2025,29/05/2025
82,26/02/2025,JPM,30/04/2025,29/05/2025
83,26/02/2025,CM,30/04/2025,29/05/2025
84,26/02/2025,CM,30/05/2025,
85,26/02/2025,CM,30/06/2025,
86,26/02/2025,CM,30/07/2025,
87,26/02/2025,CM,30/04/2025,29/05/2025
88,26/02/2025,DLCA,30/05/2025,
89,26/02/2025,JPM,30/06/2025,
90,26/02/2025,EMSPPA,30/07/2025,
91,26/02/2025,EMSPPA,30/04/2025,29/05/2025
92,26/02/2025,SGB,30/04/2025,29/05/2025
93,26/02/2025,SGB,30/05/2025,
94,26/02/2025,SGB,30/06/2025,
95,26/02/2025,VC,30/07/2025,
96,26/02/2025,CIDB,30/04/2025,29/05/2025
97,26/02/2025,MTLEC,30/05/2025,
98,26/02/2025,WEPP,30/06/2025,
99,26/02/2025,VC,30/07/2025,
100,26/02/2025,MRFC,30/04/2025,29/05/2025
101,26/02/2025,RCSS,30/04/2025,29/05/2025
102,26/02/2025,OBIC,30/05/2025,
103,26/02/2025,RCSS,30/06/2025,
104,26/02/2025,RCSS,30/07/2025,
105,26/02/2025,SRPA,30/04/2025,29/05/2025
106,26/02/2025,MCA,30/05/2025,
107,26/02/2025,MCA,30/06/2025,
108,26/02/2025,RCM,30/07/2025,
109,26/02/2025,ALRT,30/04/2025,29/05/2025
110,26/02/2025,ALRT,30/05/2025,
111,26/02/2025,ALRT,30/06/2025,
112,26/02/2025,ALRT,30/07/2025,
113,27/02/2025,RCM,10/03/2025,31/03/2025
114,27/02/2025,SWA2,14/03/2025,07/04/2025
115,27/02/2025,HHC,28/02/2025,10/04/2025
116,27/02/2025,CHNS,28/02/2025,10/04/2025
117,27/02/2025,CHNS,28/02/2025,10/04/2025
118,27/02/2025,EST,28/02/2025,10/04/2025
119,27/02/2025,EST,28/02/2025,10/04/2025
120,27/02/2025,EST,28/02/2025,10/04/2025
121,27/02/2025,EST,28/02/2025,10/04/2025
122,27/02/2025,VCZ,28/02/2025,10/04/2025
123,27/02/2025,MOLE,28/02/2025,10/04/2025
124,27/02/2025,VC,28/02/2025,10/04/2025
125,27/02/2025,HMC,28/02/2025,10/04/2025
126,27/02/2025,HMC,28/02/2025,10/04/2025
127,27/02/2025,HMC,28/02/2025,10/04/2025
128,27/02/2025,HMC,28/02/2025,10/04/2025
129,27/02/2025,HMC,28/02/2025,10/04/2025
130,27/02/2025,HMC,28/02/2025,10/04/2025
131,28/02/2025,HMC,03/03/2025,02/04/2025
132,28/02/2025,HMC,03/03/2025,31/03/2025
133,28/02/2025,HMC,28/02/2025,31/03/2025
134,28/02/2025,HMC,03/03/2025,31/03/2025
135,28/02/2025,MCA,11/03/2025,17/04/2025
136,28/02/2025,MCA,11/03/2025,11/04/2025
137,28/02/2025,MCA,11/03/2025,17/04/2025
138,28/02/2025,DLCA,11/03/2025,17/04/2025
139,28/02/2025,BIP,11/03/2025,17/04/2025
140,28/02/2025,BM,11/03/2025,17/04/2025
141,28/02/2025,BM,11/03/2025,17/04/2025
142,28/02/2025,KTCN,11/03/2025,17/04/2025
143,28/02/2025,KTCN,11/03/2025,17/04/2025
144,28/02/2025,CHNS,11/03/2025,17/04/2025
145,28/02/2025,RPCT,11/03/2025,17/04/2025
146,28/02/2025,RPCT,11/03/2025,17/04/2025
147,28/02/2025,RPCT,11/03/2025,17/04/2025
148,28/02/2025,RPCT,11/03/2025,06/05/2025
149,28/02/2025,RPCT,11/03/2025,17/04/2025
150,28/02/2025,RPCT,17/03/2025,11/04/2025
151,28/02/2025,AFE,17/03/2025,11/04/2025
152,28/02/2025,MJA,17/03/2025,11/04/2025
153,28/02/2025,MJA,17/03/2025,11/04/2025
154,28/02/2025,MJA,17/03/2025,11/04/2025
155,28/02/2025,MJA,17/03/2025,11/04/2025
156,28/02/2025,PB,17/03/2025,11/04/2025
157,28/02/2025,PB,17/03/2025,11/04/2025
158,28/02/2025,MOLE,17/03/2025,11/04/2025
159,28/02/2025,RAGS,17/03/2025,11/04/2025
160,28/02/2025,PB,17/03/2025,11/04/2025
161,28/02/2025,MR,17/03/2025,
162,28/02/2025,MR,17/03/2025,11/04/2025
163,28/02/2025,MR,17/03/2025,11/04/2025
164,28/02/2025,MR,17/03/2025,11/04/2025
165,28/02/2025,SGB,17/03/2025,11/04/2025
166,28/02/2025,SRPA,17/03/2025,11/04/2025
167,03/03/2025,SRPA,17/03/2025,02/04/2025
168,03/03/2025,SRPA,17/03/2025,07/04/2025
169,03/03/2025,SRPA,05/03/2025,05/03/2025
170,03/03/2025,MCA,05/03/2025,14/03/2025
171,03/03/2025,SRPA,05/03/2025,05/03/2025
172,06/03/2025,SRPA,14/03/2025,14/03/2025
173,06/03/2025,SRPA,06/03/2025,31/03/2025
174,06/03/2025,JMCT,06/03/2025,31/03/2025
175,06/03/2025,WCI,06/03/2025,02/05/2025
176,06/03/2025,WCI,06/03/2025,02/05/2025
177,06/03/2025,WCI,06/03/2025,02/05/2025
178,07/03/2025,WCI,28/03/2025,11/04/2025
179,07/03/2025,VCZ,28/03/2025,11/04/2025
180,07/03/2025,DCD,28/03/2025,11/04/2025
181,07/03/2025,VC,28/03/2025,11/04/2025
182,07/03/2025,VTA,28/03/2025,11/04/2025
183,07/03/2025,VC,28/03/2025,11/04/2025
184,07/03/2025,MJA,28/03/2025,11/04/2025
185,07/03/2025,MJA,28/03/2025,11/04/2025
186,07/03/2025,SVGM,28/03/2025,11/04/2025
187,07/03/2025,SVGM,28/03/2025,11/04/2025
188,07/03/2025,SVGM,28/03/2025,11/04/2025
189,07/03/2025,LNCE,28/03/2025,11/04/2025
190,07/03/2025,PMIC,28/03/2025,11/04/2025
191,07/03/2025,MJA,28/03/2025,11/04/2025
192,07/03/2025,PMIC,28/03/2025,11/04/2025
193,07/03/2025,RCO SME,28/03/2025,11/04/2025
194,07/03/2025,RCO SME,17/03/2025,31/03/2025
195,07/03/2025,RCO SME,11/03/2025,25/03/2025
196,07/03/2025,MUL,17/03/2025,25/03/2025
197,07/03/2025,CM2,17/03/2025,25/03/2025
198,07/03/2025,GPM GPM,17/03/2025,25/03/2025
199,07/03/2025,GPM GPM,17/03/2025,25/03/2025
200,07/03/2025,GPM GPM,17/03/2025,25/03/2025
201,07/03/2025,GPM GPM,07/03/2025,13/03/2025
202,07/03/2025,GPM GPM,28/03/2025,20/03/2025
203,10/03/2025,GPM GPM,28/03/2025,22/04/2025
204,10/03/2025,GPM GPM,11/03/2025,31/03/2025
205,10/03/2025,GPM GPM,11/03/2025,31/03/2025
206,10/03/2025,MJA,11/03/2025,12/03/2025
207,10/03/2025,MJA,10/03/2025,14/03/2025
208,10/03/2025,MJA,10/03/2025,14/03/2025
209,10/03/2025,MJA,10/03/2025,14/03/2025
210,11/03/2025,MJA,28/03/2025,02/04/2025
211,11/03/2025,MJA,28/03/2025,22/04/2025
212,11/03/2025,MJA,28/03/2025,14/05/2025
213,11/03/2025,MJA,28/03/2025,14/05/2025
214,11/03/2025,PB,11/03/2025,20/03/2025
215,12/03/2025,PB,12/03/2025,14/03/2025
216,12/03/2025,PB,12/03/2025,28/03/2025
217,12/03/2025,PB,12/03/2025,03/03/2025
218,12/03/2025,BCA,12/03/2025,03/03/2025
219,12/03/2025,GPM GPM,12/03/2025,04/04/2025
220,12/03/2025,GPM GPM,12/03/2025,14/03/2025
221,12/03/2025,GPM GPM,14/03/2025,31/03/2025
222,12/03/2025,GPM GPM,17/03/2025,31/03/2025
223,12/03/2025,GPM GPM,12/03/2025,10/04/2025
224,13/03/2025,GPM GPM,14/03/2025,31/03/2025
225,13/03/2025,MUL,14/03/2025,31/03/2025
226,13/03/2025,MUL,14/03/2025,31/03/2025
227,13/03/2025,MUL,14/03/2025,31/03/2025
228,13/03/2025,MUL,14/03/2025,31/03/2025
229,13/03/2025,MUL,14/03/2025,31/03/2025
230,13/03/2025,MUL,14/03/2025,31/03/2025
231,13/03/2025,MUL,14/03/2025,31/03/2025
232,13/03/2025,MUL,14/03/2025,31/03/2025
233,13/03/2025,MUL,14/03/2025,31/03/2025
234,13/03/2025,MUL,14/03/2025,31/03/2025
235,13/03/2025,MUL,14/03/2025,31/03/2025
236,13/03/2025,MUL,14/03/2025,10/04/2025
237,13/03/2025,MUL,14/03/2025,10/04/2025
238,13/03/2025,MUL,14/03/2025,10/04/2025
239,13/03/2025,MUL,14/03/2025,10/04/2025
240,13/03/2025,MUL,14/03/2025,10/04/2025
241,13/03/2025,MUL,14/03/2025,10/04/2025
242,13/03/2025,DLCA,14/03/2025,10/04/2025
243,13/03/2025,DLCA,14/03/2025,10/04/2025
244,13/03/2025,VC,14/03/2025,10/04/2025
245,13/03/2025,KTCN,14/03/2025,10/04/2025
246,13/03/2025,KTCN,14/03/2025,10/04/2025
247,13/03/2025,KTCN,19/03/2025,21/03/2025
248,13/03/2025,TRE,19/03/2025,21/03/2025
249,13/03/2025,DSC,19/03/2025,21/03/2025
250,13/03/2025,BICIE,19/03/2025,21/03/2025
251,13/03/2025,PB,19/03/2025,21/03/2025
252,13/03/2025,STO,19/03/2025,21/03/2025
253,13/03/2025,PB,19/03/2025,21/03/2025
254,13/03/2025,CMMH,19/03/2025,21/03/2025
255,13/03/2025,BIP,19/03/2025,21/03/2025
256,13/03/2025,BM,19/03/2025,21/03/2025
257,13/03/2025,BM,19/03/2025,21/03/2025
258,13/03/2025,CHNS,17/03/2025,10/04/2025
259,13/03/2025,CHNS,17/03/2025,10/04/2025
260,13/03/2025,ACDMH,17/03/2025,10/04/2025
261,13/03/2025,DLCA,17/03/2025,10/04/2025
262,13/03/2025,DLCA,17/03/2025,10/04/2025
263,13/03/2025,DLCA,17/03/2025,10/04/2025
264,13/03/2025,ILC,17/03/2025,10/04/2025
265,13/03/2025,JOW,17/03/2025,10/04/2025
266,13/03/2025,JOW,17/03/2025,10/04/2025
267,13/03/2025,JOW,17/03/2025,10/04/2025
268,13/03/2025,STO,17/03/2025,10/04/2025
269,13/03/2025,GPM GPM,13/03/2025,02/04/2025
270,14/03/2025,MUL,31/03/2025,09/04/2025
271,14/03/2025,MUL,31/03/2025,09/04/2025
272,14/03/2025,PB,31/03/2025,09/04/2025
273,14/03/2025,GPM GPM,14/03/2025,09/04/2025
274,14/03/2025,GPM GPM,31/03/2025,09/04/2025
275,14/03/2025,GPM GPM,20/03/2025,09/04/2025
276,14/03/2025,GPM GPM,31/03/2025,09/04/2025
277,14/03/2025,GPM GPM,31/03/2025,09/04/2025
278,14/03/2025,GPM GPM,31/03/2025,09/04/2025
279,14/03/2025,GPM GPM,15/03/2025,27/03/2025
280,14/03/2025,GPM GPM,15/03/2025,27/03/2025
281,14/03/2025,GPM GPM,15/03/2025,27/03/2025
282,14/03/2025,PAS,15/03/2025,27/03/2025
283,14/03/2025,STO,15/03/2025,27/03/2025
284,14/03/2025,LCM,15/03/2025,27/03/2025
285,14/03/2025,RMF,15/03/2025,27/03/2025
286,14/03/2025,ACV,24/03/2025,31/03/2025
287,14/03/2025,ACV,17/03/2025,31/03/2025
288,14/03/2025,VC,14/03/2025,
289,14/03/2025,VC,14/03/2025,
290,14/03/2025,ACV,14/03/2025,
291,14/03/2025,STO,14/03/2025,
292,14/03/2025,STO,14/03/2025,
293,17/03/2025,MDMEC,17/03/2025,28/03/2025
294,17/03/2025,RIC,17/03/2025,03/04/2025
295,17/03/2025,PIC,17/03/2025,02/04/2025
296,17/03/2025,PIC,17/03/2025,02/04/2025
297,17/03/2025,EST,17/03/2025,02/04/2025
298,17/03/2025,RIC,17/03/2025,20/03/2025
299,17/03/2025,RCSS,17/03/2025,20/03/2025
300,17/03/2025,BCA,17/03/2025,20/03/2025
301,17/03/2025,BCA,17/03/2025,31/03/2025
302,17/03/2025,BCA,17/03/2025,02/05/2025
303,17/03/2025,BCA,17/03/2025,02/05/2025
304,17/03/2025,BCA,17/03/2025,02/05/2025
305,17/03/2025,BICIE,17/03/2025,02/05/2025
306,17/03/2025,VCZ,17/03/2025,02/05/2025
307,17/03/2025,SRPA,17/03/2025,02/05/2025
308,18/03/2025,SRPA,18/03/2025,28/02/2025
309,18/03/2025,SWA,18/03/2025,28/02/2025
310,18/03/2025,SWA,18/03/2025,28/02/2025
311,18/03/2025,SWA,18/03/2025,28/02/2025
312,18/03/2025,BCA,18/03/2025,28/02/2025
313,18/03/2025,ENICA,21/03/2025,28/03/2025
314,18/03/2025,TOD,17/04/2025,
315,18/03/2025,TOD,18/03/2025,28/03/2025
316,18/03/2025,TOD,28/03/2025,03/04/2025
317,18/03/2025,TOD,18/03/2025,03/04/2025
318,18/03/2025,TOD,18/03/2025,31/03/2025
319,19/03/2025,HMC,19/03/2025,02/04/2025
320,19/03/2025,RCM,19/03/2025,02/04/2025
321,19/03/2025,SWA,19/03/2025,02/04/2025
322,19/03/2025,SWA,19/03/2025,02/04/2025
323,19/03/2025,SWA,19/03/2025,02/04/2025
324,19/03/2025,MOLE,19/03/2025,02/04/2025
325,19/03/2025,MOLE,19/03/2025,09/04/2025
326,19/03/2025,MJA,19/03/2025,09/04/2025
327,19/03/2025,TOD,19/03/2025,09/04/2025
328,19/03/2025,MUL,19/03/2025,09/04/2025
329,19/03/2025,PB,19/03/2025,03/04/2025
330,19/03/2025,PB,19/03/2025,03/04/2025
331,19/03/2025,PB,19/03/2025,03/04/2025
332,19/03/2025,PIN,19/03/2025,03/04/2025
333,19/03/2025,PB,19/03/2025,03/04/2025
334,19/03/2025,DCS,19/03/2025,03/04/2025
335,19/03/2025,MJA,19/03/2025,03/04/2025
336,19/03/2025,MJA,19/03/2025,03/04/2025
337,19/03/2025,TOD,19/03/2025,03/04/2025
338,19/03/2025,JPM,19/03/2025,19/03/2025
339,19/03/2025,MJA,31/03/2025,10/04/2025
340,19/03/2025,VC,31/03/2025,10/04/2025
341,20/03/2025,ALRT,20/03/2025,10/04/2025
342,20/03/2025,ALRT,30/04/2025,09/04/2025
343,20/03/2025,ALRT,30/04/2025,05/05/2025
344,20/03/2025,ALRT,20/03/2025,02/04/2025
345,20/03/2025,ALRT,20/03/2025,02/04/2025
346,20/03/2025,ALRT,20/03/2025,02/04/2025
347,20/03/2025,ALRT,20/03/2025,02/04/2025
348,20/03/2025,MF,21/03/2025,07/04/2025
349,20/03/2025,MF,20/03/2025,28/03/2025
350,20/03/2025,CCT,20/03/2025,28/03/2025
351,20/03/2025,CCT,20/03/2025,28/03/2025
352,21/03/2025,STO,24/03/2025,02/04/2025
353,24/03/2025,DCS,24/03/2025,28/03/2025
354,24/03/2025,STO,24/03/2025,07/04/2025
355,24/03/2025,STO,24/03/2025,07/04/2025
356,24/03/2025,FT,24/03/2025,15/04/2025
357,24/03/2025,PB,24/03/2025,02/04/2025
358,24/03/2025,MJA,24/03/2025,11/04/2025
359,24/03/2025,AEA,24/03/2025,11/04/2025
360,24/03/2025,AEA,24/03/2025,09/04/2025
361,24/03/2025,MJA,24/03/2025,11/04/2025
362,24/03/2025,RTPS,24/03/2025,11/04/2025
363,24/03/2025,WGA,24/03/2025,09/04/2025
364,24/03/2025,FT,24/03/2025,11/04/2025
365,24/03/2025,FT,24/03/2025,11/04/2025
366,24/03/2025,FT,24/03/2025,11/04/2025
367,24/03/2025,FT,24/03/2025,11/04/2025
368,24/03/2025,FT,24/03/2025,11/04/2025
369,24/03/2025,FT,24/03/2025,11/04/2025
370,24/03/2025,FT,24/03/2025,07/04/2025
371,24/03/2025,FT,24/03/2025,07/04/2025
372,24/03/2025,FT,24/03/2025,07/04/2025
373,24/03/2025,VC,24/03/2025,07/04/2025
374,24/03/2025,VC,27/03/2025,07/04/2025
375,24/03/2025,VC,27/03/2025,07/04/2025
376,24/03/2025,SAP,27/03/2025,07/04/2025
377,24/03/2025,TOD,27/03/2025,07/04/2025
378,25/03/2025,MJA,25/03/2025,03/04/2025
379,25/03/2025,AB,25/03/2025,04/04/2025
380,25/03/2025,STO,25/03/2025,07/04/2025
381,25/03/2025,PB,25/03/2025,07/04/2025
382,25/03/2025,JOW,25/03/2025,14/04/2025
383,25/03/2025,JOW,25/03/2025,24/04/2025
384,26/03/2025,JOW,28/04/2025,10/07/2025
385,26/03/2025,PB,28/04/2025,01/05/2025
386,26/03/2025,BFPS,28/05/2025,27/05/2025
387,26/03/2025,TOD,28/06/2025,10/07/2025
388,26/03/2025,TOD,28/04/2025,01/05/2025
389,26/03/2025,TOD,28/05/2025,27/05/2025
390,26/03/2025,AFE,28/06/2025,10/07/2025
391,26/03/2025,AFE,28/04/2025,01/05/2025
392,26/03/2025,FSS,28/04/2025,01/05/2025
393,26/03/2025,CM,28/04/2025,01/05/2025
394,26/03/2025,CIMDE,28/05/2025,27/05/2025
395,26/03/2025,MJA,28/06/2025,10/07/2025
396,27/03/2025,ACDMH,27/03/2025,03/04/2025
397,27/03/2025,VC,27/03/2025,03/04/2025
398,27/03/2025,PB,27/03/2025,03/04/2025
399,27/03/2025,LCM,27/03/2025,28/03/2025
400,27/03/2025,DLCA,27/03/2025,28/03/2025
401,27/03/2025,DLCA,27/03/2025,28/03/2025
402,27/03/2025,DLCA,27/03/2025,10/04/2025
403,27/03/2025,DLCA,27/03/2025,28/03/2025
404,27/03/2025,JOW,29/03/2025,10/04/2025
405,28/03/2025,CDMICT,28/03/2025,03/04/2025
406,28/03/2025,SWA,28/03/2025,03/04/2025
407,28/03/2025,JPM,21/04/2025,03/04/2025
408,31/03/2025,CM,31/03/2025,07/04/2025
409,31/03/2025,CM,31/03/2025,04/04/2025
410,31/03/2025,CM,31/03/2025,07/04/2025
411,31/03/2025,CM,31/03/2025,07/04/2025
412,31/03/2025,CM,31/03/2025,10/04/2025
413,31/03/2025,DLCA,31/03/2025,10/04/2025
414,31/03/2025,JPM,31/03/2025,10/04/2025
415,31/03/2025,EMSPPA,31/03/2025,10/04/2025
416,31/03/2025,EMSPPA,02/04/2025,03/04/2025
417,31/03/2025,SGB,31/03/2025,07/04/2025
418,31/03/2025,SGB,31/03/2025,02/04/2025
419,31/03/2025,SGB,31/03/2025,07/04/2025
420,31/03/2025,VC,31/03/2025,07/04/2025
421,31/03/2025,CIDB,31/03/2025,02/04/2025
422,31/03/2025,MTLEC,25/04/2025,20/05/2025
423,31/03/2025,WEPP,25/04/2025,20/05/2025
424,31/03/2025,VC,25/04/2025,20/05/2025
425,31/03/2025,MRFC,25/04/2025,20/05/2025
426,31/03/2025,RCSS,15/04/2025,20/05/2025
427,31/03/2025,OBIC,25/04/2025,20/05/2025
428,31/03/2025,RCSS,15/04/2025,20/05/2025
429,31/03/2025,RCSS,25/04/2025,20/05/2025
430,31/03/2025,SRPA,25/04/2025,20/05/2025
431,31/03/2025,MCA,31/03/2025,07/04/2025
432,31/03/2025,MCA,31/03/2025,07/04/2025
433,31/03/2025,RCM,31/03/2025,07/04/2025
434,01/04/2025,ALRT,01/04/2025,07/04/2025
435,01/04/2025,ALRT,01/04/2025,07/04/2025
436,01/04/2025,ALRT,03/04/2025,07/04/2025
437,02/04/2025,ALRT,02/04/2025,02/04/2025
438,02/04/2025,RCM,02/04/2025,03/04/2025
439,02/04/2025,SWA3,02/04/2025,07/04/2025
440,02/04/2025,HHC,02/04/2025,07/04/2025
441,02/04/2025,CHNS,02/04/2025,07/04/2025
442,02/04/2025,CHNS,02/04/2025,07/04/2025
443,03/04/2025,EST,03/04/2025,24/03/2025
444,03/04/2025,EST,03/04/2025,07/04/2025
445,03/04/2025,EST,03/04/2025,09/04/2025
446,03/04/2025,EST,03/04/2025,
447,04/04/2025,VCZ,04/04/2025,07/04/2025
448,04/04/2025,MOLE,08/04/2025,09/04/2025
449,04/04/2025,VC,04/04/2025,09/04/2025
450,04/04/2025,HMC,04/04/2025,09/04/2025
451,04/04/2025,HMC,04/04/2025,07/04/2025
452,04/04/2025,HMC,04/04/2025,07/04/2025
453,04/04/2025,HMC,04/04/2025,07/04/2025
454,07/04/2025,HMC,09/04/2025,10/04/2025
455,07/04/2025,HMC,07/04/2025,07/04/2025
456,07/04/2025,HMC,07/04/2025,07/04/2025
457,07/04/2025,HMC,07/04/2025,07/04/2025
458,07/04/2025,HMC,07/04/2025,07/04/2025
459,07/04/2025,HMC,07/04/2025,09/04/2025
460,07/04/2025,MCA,07/04/2025,09/04/2025
461,09/04/2025,MCA,09/04/2025,09/04/2025
462,09/04/2025,MCA,09/04/2025,09/04/2025
463,09/04/2025,DLCA,09/04/2025,09/04/2025
464,09/04/2025,BIP,12/04/2025,28/04/2025
465,09/04/2025,BM,09/04/2025,09/04/2025
466,09/04/2025,BM,09/04/2025,10/04/2025
467,09/04/2025,KTCN,09/04/2025,10/04/2025
468,10/04/2025,KTCN,10/04/2025,10/04/2025
469,10/04/2025,CHNS,10/04/2025,14/04/2025
470,10/04/2025,RPCT,10/04/2025,14/04/2025
471,10/04/2025,RPCT,10/04/2025,14/04/2025
472,10/04/2025,RPCT,10/04/2025,14/04/2025
473,10/04/2025,RPCT,10/04/2025,14/04/2025
474,10/04/2025,RPCT,10/04/2025,14/04/2025
475,10/04/2025,RPCT,10/04/2025,11/04/2025
476,11/04/2025,AFE,11/04/2025,11/04/2025
477,11/04/2025,MJA,11/04/2025,11/04/2025
478,11/04/2025,MJA,11/04/2025,11/04/2025
479,11/04/2025,MJA,11/04/2025,11/04/2025
480,11/04/2025,MJA,11/04/2025,11/04/2025
481,11/04/2025,PB,11/04/2025,11/04/2025
482,11/04/2025,PB,11/04/2025,11/04/2025
483,11/04/2025,MOLE,11/04/2025,14/04/2025
484,11/04/2025,RAGS,11/04/2025,16/04/2025
485,11/04/2025,PB,11/04/2025,16/04/2025
486,11/04/2025,MR,11/04/2025,16/04/2025
487,11/04/2025,MR,11/04/2025,14/05/2025
488,11/04/2025,MR,11/04/2025,14/05/2025
489,11/04/2025,MR,11/04/2025,14/05/2025
490,11/04/2025,SGB,11/04/2025,14/05/2025
491,11/04/2025,SRPA,11/04/2025,14/05/2025
492,11/04/2025,SRPA,11/04/2025,14/05/2025
493,11/04/2025,SRPA,11/04/2025,14/05/2025
494,11/04/2025,SRPA,11/04/2025,14/05/2025
495,11/04/2025,MCA,11/04/2025,14/05/2025
496,11/04/2025,SRPA,11/04/2025,14/05/2025
497,11/04/2025,SRPA,11/04/2025,14/05/2025
498,11/04/2025,SRPA,11/04/2025,14/05/2025
499,11/04/2025,JMCT,11/04/2025,14/05/2025
500,11/04/2025,WCI,11/04/2025,01/05/2025
501,11/04/2025,WCI,11/04/2025,01/05/2025
502,11/04/2025,WCI,11/04/2025,01/05/2025
503,11/04/2025,WCI,11/04/2025,01/05/2025
504,11/04/2025,VCZ,11/04/2025,01/05/2025
505,11/04/2025,DCD,11/04/2025,14/04/2025
506,11/04/2025,VC,11/04/2025,16/04/2025
507,11/04/2025,VTA,11/04/2025,14/04/2025
508,14/04/2025,VC,14/04/2025,14/04/2025
509,14/04/2025,MJA,14/04/2025,14/04/2025
510,14/04/2025,MJA,14/04/2025,14/04/2025
511,14/04/2025,SVGM,14/04/2025,14/04/2025
512,14/04/2025,SVGM,14/04/2025,15/04/2025
513,14/04/2025,SVGM,14/04/2025,14/04/2025
514,14/04/2025,LNCE,14/04/2025,14/04/2025
515,14/04/2025,PMIC,14/04/2025,14/04/2025
516,14/04/2025,MJA,14/04/2025,14/04/2025
517,14/04/2025,PMIC,14/04/2025,14/04/2025
518,14/04/2025,RCO SME,14/04/2025,14/04/2025
519,14/04/2025,RCO SME,14/04/2025,14/04/2025
520,14/04/2025,RCO SME,14/04/2025,14/04/2025
521,14/04/2025,MUL,14/04/2025,14/04/2025
522,14/04/2025,CM3,14/04/2025,14/04/2025
523,14/04/2025,GPM GPM,14/04/2025,14/04/2025
524,14/04/2025,GPM GPM,14/04/2025,14/04/2025
525,14/04/2025,GPM GPM,14/04/2025,14/04/2025
526,14/04/2025,GPM GPM,14/04/2025,01/05/2025
527,14/04/2025,GPM GPM,14/04/2025,01/05/2025
528,14/04/2025,GPM GPM,14/04/2025,01/05/2025
529,14/04/2025,GPM GPM,14/04/2025,01/05/2025
530,14/04/2025,GPM GPM,14/04/2025,01/05/2025
531,14/04/2025,MJA,14/04/2025,01/05/2025
532,14/04/2025,MJA,14/04/2025,01/05/2025
533,14/04/2025,MJA,14/04/2025,01/05/2025
534,14/04/2025,MJA,14/04/2025,01/05/2025
535,14/04/2025,MJA,14/04/2025,01/05/2025
536,14/04/2025,MJA,14/04/2025,01/05/2025
537,14/04/2025,MJA,14/04/2025,01/05/2025
538,14/04/2025,MJA,14/04/2025,01/05/2025
539,14/04/2025,PB,14/04/2025,01/05/2025
540,14/04/2025,PB,14/04/2025,14/04/2025
541,14/04/2025,PB,14/04/2025,15/04/2025
542,14/04/2025,PB,14/04/2025,15/04/2025
543,14/04/2025,BCA,14/04/2025,15/04/2025
544,14/04/2025,GPM GPM,14/04/2025,15/04/2025
545,14/04/2025,GPM GPM,01/05/2025,20/05/2025
546,14/04/2025,GPM GPM,14/04/2025,15/04/2025
547,14/04/2025,GPM GPM,14/04/2025,15/04/2025
548,14/04/2025,GPM GPM,14/04/2025,15/04/2025
549,14/04/2025,GPM GPM,14/04/2025,14/04/2025
550,15/04/2025,MUL,15/04/2025,15/04/2025
551,15/04/2025,MUL,16/04/2025,28/04/2025
552,15/04/2025,MUL,19/04/2025,28/04/2025
553,15/04/2025,MUL,01/05/2025,02/05/2025
554,15/04/2025,MUL,15/04/2025,16/04/2025
555,15/04/2025,MUL,15/04/2025,16/04/2025
556,15/04/2025,MUL,18/04/2025,01/05/2025
557,15/04/2025,MUL,18/04/2025,01/05/2025
558,15/04/2025,MUL,15/04/2025,16/04/2025
559,16/04/2025,MUL,16/04/2025,16/04/2025
560,16/04/2025,MUL,16/04/2025,16/04/2025
561,16/04/2025,MUL,16/04/2025,16/04/2025
562,16/04/2025,MUL,16/04/2025,16/04/2025
563,16/04/2025,MUL,16/04/2025,16/04/2025
564,16/04/2025,MUL,16/04/2025,16/04/2025
565,16/04/2025,MUL,16/04/2025,16/04/2025
566,16/04/2025,MUL,16/04/2025,16/04/2025
567,16/04/2025,DLCA,30/04/2025,01/05/2025
568,16/04/2025,DLCA,16/04/2025,16/04/2025
569,16/04/2025,VC,16/04/2025,16/04/2025
570,16/04/2025,KTCN,16/04/2025,16/04/2025
571,16/04/2025,KTCN,16/04/2025,16/04/2025
572,16/04/2025,KTCN,16/04/2025,16/04/2025
573,16/04/2025,TRE,16/04/2025,16/04/2025
574,16/04/2025,DSC,16/04/2025,16/04/2025
575,16/04/2025,BICIE,16/04/2025,16/04/2025
576,16/04/2025,PB,16/04/2025,16/04/2025
577,16/04/2025,STO,16/04/2025,16/04/2025
578,16/04/2025,PB,16/04/2025,16/04/2025
579,16/04/2025,CMMH,16/04/2025,16/04/2025
580,16/04/2025,BIP,16/04/2025,16/04/2025
581,16/04/2025,BM,16/04/2025,16/04/2025
582,16/04/2025,BM,16/04/2025,16/04/2025
583,16/04/2025,CHNS,16/04/2025,16/04/2025
584,16/04/2025,CHNS,16/04/2025,16/04/2025
585,16/04/2025,ACDMH,16/04/2025,16/04/2025
586,16/04/2025,DLCA,16/04/2025,16/04/2025
587,16/04/2025,DLCA,16/04/2025,16/04/2025
588,16/04/2025,DLCA,16/04/2025,16/04/2025
589,16/04/2025,ILC,16/04/2025,16/04/2025
590,16/04/2025,JOW,16/04/2025,16/04/2025
591,16/04/2025,JOW,16/04/2025,16/04/2025
592,16/04/2025,JOW,02/05/2025,07/05/2025
593,16/04/2025,STO,30/05/2025,23/05/2025
594,16/04/2025,GPM GPM,27/06/2025,30/06/2025
595,16/04/2025,MUL,02/05/2025,07/05/2025
596,16/04/2025,MUL,30/05/2025,23/05/2025
597,16/04/2025,PB,27/06/2025,23/05/2025
598,16/04/2025,GPM GPM,02/05/2025,07/05/2025
599,16/04/2025,GPM GPM,30/05/2025,07/05/2025
600,16/04/2025,GPM GPM,27/06/2025,07/05/2025
601,16/04/2025,GPM GPM,02/05/2025,07/05/2025
602,16/04/2025,GPM GPM,30/05/2025,23/05/2025
603,16/04/2025,GPM GPM,27/06/2025,23/05/2025
604,16/04/2025,GPM GPM,02/05/2025,30/06/2025
605,16/04/2025,GPM GPM,30/05/2025,07/05/2025
606,16/04/2025,GPM GPM,27/06/2025,23/05/2025
607,16/04/2025,PAS,02/05/2025,07/05/2025
608,16/04/2025,STO,30/05/2025,23/05/2025
609,16/04/2025,LCM,27/06/2025,
610,16/04/2025,RMF,02/05/2025,07/05/2025
611,16/04/2025,ACV,30/05/2025,23/05/2025
612,16/04/2025,ACV,27/06/2025,23/05/2025
613,16/04/2025,VC,02/05/2025,07/05/2025
614,16/04/2025,VC,30/05/2025,23/05/2025
615,16/04/2025,ACV,27/06/2025,30/06/2025
616,16/04/2025,STO,16/04/2025,16/04/2025
617,16/04/2025,STO,16/04/2025,16/04/2025
618,16/04/2025,MDMEC,16/04/2025,16/04/2025
619,16/04/2025,RIC,16/04/2025,16/04/2025
620,17/04/2025,PIC,17/04/2025,17/04/2025
621,17/04/2025,PIC,17/04/2025,02/05/2025
622,17/04/2025,EST,17/04/2025,17/04/2025
623,17/04/2025,RIC,17/04/2025,02/05/2025
624,17/04/2025,RCSS,17/04/2025,02/05/2025
625,17/04/2025,BCA,17/04/2025,02/05/2025
626,17/04/2025,BCA,17/04/2025,27/04/2025
627,17/04/2025,BCA,17/04/2025,27/04/2025
628,17/04/2025,BCA,17/04/2025,01/05/2025
629,17/04/2025,BCA,17/04/2025,27/04/2025
630,17/04/2025,BICIE,17/04/2025,27/04/2025
631,17/04/2025,VCZ,17/04/2025,27/04/2025
632,17/04/2025,SRPA,17/04/2025,27/04/2025
633,17/04/2025,SRPA,17/04/2025,27/04/2025
634,17/04/2025,SWA,17/04/2025,17/04/2025
635,17/04/2025,SWA,17/04/2025,17/04/2025
636,17/04/2025,SWA,17/04/2025,17/04/2025
637,17/04/2025,BCA,17/04/2025,17/04/2025
638,17/04/2025,ENICA,17/04/2025,17/04/2025
639,17/04/2025,TOD,17/04/2025,17/04/2025
640,17/04/2025,TOD,17/04/2025,17/04/2025
641,17/04/2025,TOD,17/04/2025,17/04/2025
642,17/04/2025,TOD,17/04/2025,17/04/2025
643,17/04/2025,TOD,17/04/2025,17/04/2025
644,17/04/2025,HMC,17/04/2025,17/04/2025
645,17/04/2025,RCM,17/04/2025,17/04/2025
646,22/04/2025,SWA,22/04/2025,28/04/2025
647,22/04/2025,SWA,25/04/2025,01/05/2025
648,22/04/2025,SWA,22/04/2025,01/05/2025
649,22/04/2025,MOLE,22/04/2025,01/05/2025
650,23/04/2025,MOLE,12/05/2025,27/05/2025
651,23/04/2025,MJA,12/05/2025,27/05/2025
652,23/04/2025,TOD,12/05/2025,27/05/2025
653,23/04/2025,MUL,12/05/2025,27/05/2025
654,23/04/2025,PB,12/05/2025,27/05/2025
655,23/04/2025,PB,12/05/2025,27/05/2025
656,23/04/2025,PB,12/05/2025,27/05/2025
657,23/04/2025,PIN,12/05/2025,27/05/2025
658,23/04/2025,PB,12/05/2025,27/05/2025
659,23/04/2025,DCS,12/05/2025,27/05/2025
660,23/04/2025,MJA,12/05/2025,27/05/2025
661,23/04/2025,MJA,12/05/2025,27/05/2025
662,23/04/2025,TOD,12/05/2025,27/05/2025
663,23/04/2025,JPM,23/04/2025,27/04/2025
664,23/04/2025,MJA,23/04/2025,28/04/2025
665,23/04/2025,VC,23/04/2025,28/04/2025
666,23/04/2025,ALRT,23/04/2025,28/04/2025
667,23/04/2025,ALRT,23/04/2025,28/04/2025
668,23/04/2025,ALRT,23/04/2025,28/04/2025
669,23/04/2025,ALRT,23/04/2025,28/04/2025
670,23/04/2025,ALRT,23/04/2025,28/04/2025
671,23/04/2025,ALRT,23/04/2025,01/05/2025
672,23/04/2025,ALRT,23/04/2025,28/04/2025
673,23/04/2025,MF,23/04/2025,28/04/2025
674,23/04/2025,MF,23/04/2025,28/04/2025
675,23/04/2025,CCT,23/04/2025,28/04/2025
676,23/04/2025,CCT,23/04/2025,28/04/2025
677,23/04/2025,STO,23/04/2025,28/04/2025
678,23/04/2025,DCS,23/04/2025,28/04/2025
679,23/04/2025,STO,23/04/2025,28/04/2025
680,23/04/2025,STO,23/04/2025,28/04/2025
681,23/04/2025,FT,03/05/2025,01/05/2025
682,24/04/2025,PB,24/04/2025,01/05/2025
683,24/04/2025,MJA,28/04/2025,01/05/2025
684,24/04/2025,AEA,06/05/2025,01/05/2025
685,24/04/2025,AEA,06/05/2025,01/05/2025
686,27/04/2025,MJA,27/04/2025,28/04/2025
687,27/04/2025,RTPS,27/04/2025,28/04/2025
688,27/04/2025,WGA,27/04/2025,28/04/2025
689,27/04/2025,FT,27/04/2025,28/04/2025
690,27/04/2025,FT,27/04/2025,28/04/2025
691,27/04/2025,FT,27/04/2025,28/04/2025
692,27/04/2025,FT,27/04/2025,28/04/2025
693,27/04/2025,FT,27/04/2025,28/04/2025
694,27/04/2025,FT,27/04/2025,28/04/2025
695,27/04/2025,FT,27/04/2025,28/04/2025
696,27/04/2025,FT,27/04/2025,06/05/2025
697,27/04/2025,FT,27/04/2025,06/05/2025
698,27/04/2025,VC,27/04/2025,06/05/2025
699,27/04/2025,VC,27/04/2025,06/05/2025
700,27/04/2025,VC,27/04/2025,06/05/2025
701,27/04/2025,SAP,27/04/2025,28/04/2025
702,27/04/2025,TOD,27/04/2025,28/04/2025
703,27/04/2025,MJA,27/04/2025,28/04/2025
704,28/04/2025,AB,28/04/2025,28/04/2025
705,28/04/2025,STO,30/04/2025,01/05/2025
706,28/04/2025,PB,28/04/2025,28/04/2025
707,28/04/2025,JOW,28/04/2025,28/04/2025
708,28/04/2025,JOW,28/04/2025,28/04/2025
709,28/04/2025,JOW,28/04/2025,28/04/2025
710,28/04/2025,PB,28/04/2025,28/04/2025
711,28/04/2025,BFPS,28/04/2025,28/04/2025
712,28/04/2025,TOD,28/04/2025,28/04/2025
713,28/04/2025,TOD,28/04/2025,28/04/2025
714,28/04/2025,TOD,28/04/2025,28/04/2025
715,28/04/2025,AFE,28/04/2025,28/04/2025
716,28/04/2025,AFE,28/04/2025,28/04/2025
717,28/04/2025,FSS,28/04/2025,29/04/2025
718,28/04/2025,CM,02/05/2025,01/05/2025
719,28/04/2025,CIMDE,28/04/2025,28/04/2025
720,28/04/2025,MJA,28/04/2025,29/04/2025
721,28/04/2025,ACDMH,28/04/2025,14/05/2025
722,29/04/2025,VC,29/04/2025,01/05/2025
723,29/04/2025,PB,29/04/2025,01/05/2025
724,29/04/2025,LCM,29/04/2025,01/05/2025
725,29/04/2025,DLCA,29/04/2025,01/05/2025
726,29/04/2025,DLCA,29/04/2025,01/05/2025
727,29/04/2025,DLCA,29/04/2025,01/05/2025
728,29/04/2025,DLCA,29/04/2025,05/05/2025
729,29/04/2025,JOW,05/05/2025,06/05/2025
730,29/04/2025,CDMICT,29/04/2025,01/05/2025
731,29/04/2025,SWA,29/04/2025,01/05/2025
732,29/04/2025,JPM,30/04/2025,14/05/2025
733,29/04/2025,CM,30/04/2025,14/05/2025
734,30/04/2025,CM,30/04/2025,30/04/2025
735,30/04/2025,CM,30/04/2025,30/04/2025
736,30/04/2025,CM,30/04/2025,30/04/2025
737,30/04/2025,CM,30/04/2025,30/04/2025
738,30/04/2025,DLCA,30/04/2025,30/04/2025
739,30/04/2025,JPM,30/04/2025,30/04/2025
740,30/04/2025,EMSPPA,30/04/2025,30/04/2025
741,30/04/2025,EMSPPA,30/04/2025,30/04/2025
742,30/04/2025,SGB,30/04/2025,30/04/2025
743,30/04/2025,SGB,30/04/2025,30/04/2025
744,30/04/2025,SGB,30/04/2025,30/04/2025
745,30/04/2025,VC,05/05/2025,13/05/2025
746,30/04/2025,CIDB,21/05/2025,27/05/2025
747,30/04/2025,MTLEC,21/05/2025,22/05/2025
748,30/04/2025,WEPP,05/05/2025,13/05/2025
749,30/04/2025,VC,05/05/2025,13/05/2025
750,30/04/2025,MRFC,16/06/2025,20/06/2025
751,30/04/2025,RCSS,05/05/2025,13/05/2025
752,30/04/2025,OBIC,16/06/2025,20/06/2025
753,30/04/2025,RCSS,05/05/2025,13/05/2025
754,30/04/2025,RCSS,16/06/2025,20/06/2025
755,30/04/2025,SRPA,05/05/2025,13/05/2025
756,30/04/2025,MCA,16/06/2025,20/06/2025
757,30/04/2025,MCA,30/04/2025,30/04/2025
758,30/04/2025,RCM,30/04/2025,30/04/2025
759,30/04/2025,ALRT,30/04/2025,30/04/2025
760,30/04/2025,ALRT,30/04/2025,30/04/2025
761,30/04/2025,ALRT,30/04/2025,30/04/2025
762,30/04/2025,ALRT,30/04/2025,30/04/2025
763,30/04/2025,RCM,30/04/2025,30/04/2025
764,30/04/2025,SWA4,30/04/2025,01/05/2025
765,02/05/2025,HHC,02/05/2025,02/05/2025
766,02/05/2025,CHNS,02/05/2025,02/05/2025
767,02/05/2025,CHNS,02/05/2025,02/05/2025
768,02/05/2025,EST,02/05/2025,02/05/2025
769,02/05/2025,EST,02/05/2025,02/05/2025
770,05/05/2025,EST,05/05/2025,05/05/2025
771,05/05/2025,EST,05/05/2025,05/05/2025
772,05/05/2025,VCZ,05/05/2025,06/05/2025
773,05/05/2025,MOLE,05/05/2025,05/05/2025
774,05/05/2025,VC,05/05/2025,05/05/2025
775,05/05/2025,HMC,05/05/2025,05/05/2025
776,05/05/2025,HMC,05/05/2025,14/05/2025
777,05/05/2025,HMC,09/05/2025,07/05/2025
778,05/05/2025,HMC,09/05/2025,14/05/2025
779,05/05/2025,HMC,05/05/2025,06/05/2025
780,05/05/2025,HMC,09/05/2025,13/05/2025
781,05/05/2025,HMC,05/05/2025,06/05/2025
782,05/05/2025,HMC,05/05/2025,06/05/2025
783,06/05/2025,HMC,06/05/2025,12/05/2025
784,06/05/2025,HMC,06/05/2025,06/05/2025
785,06/05/2025,MCA,06/05/2025,06/05/2025
786,06/05/2025,MCA,06/05/2025,06/05/2025
787,06/05/2025,MCA,06/05/2025,06/05/2025
788,06/05/2025,DLCA,06/05/2025,06/05/2025
789,06/05/2025,BIP,06/05/2025,06/05/2025
790,06/05/2025,BM,06/05/2025,06/05/2025
791,06/05/2025,BM,06/05/2025,06/05/2025
792,06/05/2025,KTCN,06/05/2025,06/05/2025
793,06/05/2025,KTCN,19/05/2025,27/05/2025
794,06/05/2025,CHNS,06/05/2025,06/05/2025
795,06/05/2025,RPCT,06/05/2025,06/05/2025
796,06/05/2025,RPCT,06/05/2025,08/05/2025
797,06/05/2025,RPCT,06/05/2025,08/05/2025
798,06/05/2025,RPCT,06/05/2025,08/05/2025
799,06/05/2025,RPCT,06/05/2025,08/05/2025
800,06/05/2025,RPCT,06/05/2025,06/05/2025
801,06/05/2025,AFE,06/05/2025,06/05/2025
802,06/05/2025,MJA,06/05/2025,06/05/2025
803,06/05/2025,MJA,06/05/2025,06/05/2025
804,06/05/2025,MJA,06/05/2025,06/05/2025
805,06/05/2025,MJA,06/05/2025,06/05/2025
806,06/05/2025,PB,06/05/2025,06/05/2025
807,06/05/2025,PB,06/05/2025,06/05/2025
808,06/05/2025,MOLE,06/05/2025,06/05/2025
809,06/05/2025,RAGS,06/05/2025,06/05/2025
810,06/05/2025,PB,31/07/2025,
811,06/05/2025,MR,31/07/2025,
812,06/05/2025,MR,31/07/2025,
813,06/05/2025,MR,20/05/2025,20/05/2025
814,06/05/2025,MR,20/05/2025,20/05/2025
815,06/05/2025,SGB,20/05/2025,20/05/2025
816,06/05/2025,SRPA,20/05/2025,20/05/2025
817,06/05/2025,SRPA,20/05/2025,20/05/2025
818,06/05/2025,SRPA,20/05/2025,20/05/2025
819,06/05/2025,SRPA,20/05/2025,20/05/2025
820,06/05/2025,MCA,20/05/2025,20/05/2025
821,07/05/2025,SRPA,07/05/2025,07/05/2025
822,07/05/2025,SRPA,07/05/2025,14/05/2025
823,07/05/2025,SRPA,07/05/2025,14/05/2025
824,07/05/2025,JMCT,30/05/2025,23/05/2025
825,07/05/2025,WCI,30/05/2025,23/05/2025
826,07/05/2025,WCI,30/05/2025,13/06/2025
827,07/05/2025,WCI,30/05/2025,13/06/2025
828,07/05/2025,WCI,19/05/2025,23/05/2025
829,07/05/2025,VCZ,30/05/2025,23/05/2025
830,07/05/2025,DCD,30/05/2025,23/05/2025
831,07/05/2025,VC,30/05/2025,23/05/2025
832,08/05/2025,VTA,12/06/2025,16/06/2025
833,08/05/2025,VC,12/06/2025,16/06/2025
834,08/05/2025,MJA,12/06/2025,16/06/2025
835,08/05/2025,MJA,12/06/2025,16/06/2025
836,08/05/2025,SVGM,08/05/2025,20/05/2025
837,08/05/2025,SVGM,30/05/2025,20/05/2025
838,08/05/2025,SVGM,30/05/2025,20/05/2025
839,08/05/2025,LNCE,30/05/2025,20/05/2025
840,08/05/2025,PMIC,30/05/2025,20/05/2025
841,08/05/2025,MJA,30/05/2025,20/05/2025
842,08/05/2025,PMIC,30/05/2025,10/06/2025
843,08/05/2025,RCO SME,30/05/2025,10/06/2025
844,08/05/2025,RCO SME,30/05/2025,10/06/2025
845,08/05/2025,RCO SME,30/05/2025,10/06/2025
846,08/05/2025,MUL,30/05/2025,10/06/2025
847,08/05/2025,CM4,30/05/2025,10/06/2025
848,08/05/2025,GPM GPM,30/05/2025,10/06/2025
849,08/05/2025,GPM GPM,30/05/2025,10/06/2025
850,08/05/2025,GPM GPM,08/05/2025,20/05/2025
851,08/05/2025,GPM GPM,08/05/2025,20/05/2025
852,08/05/2025,GPM GPM,12/05/2025,14/05/2025
853,09/05/2025,GPM GPM,12/05/2025,14/05/2025
854,09/05/2025,GPM GPM,12/05/2025,20/05/2025
855,09/05/2025,GPM GPM,09/05/2025,09/05/2025
856,09/05/2025,MJA,09/05/2025,14/05/2025
857,09/05/2025,MJA,09/05/2025,13/05/2025
858,09/05/2025,MJA,09/05/2025,13/05/2025
859,09/05/2025,MJA,09/05/2025,20/05/2025
860,09/05/2025,MJA,09/05/2025,20/05/2025
861,09/05/2025,MJA,09/05/2025,20/05/2025
862,12/05/2025,MJA,14/05/2025,22/05/2025
863,12/05/2025,MJA,12/05/2025,20/05/2025
864,12/05/2025,PB,12/05/2025,22/05/2025
865,12/05/2025,PB,12/05/2025,14/05/2025
866,12/05/2025,PB,12/05/2025,13/05/2025
867,12/05/2025,PB,12/05/2025,14/05/2025
868,12/05/2025,BCA,12/05/2025,28/05/2025
869,12/05/2025,GPM GPM,12/05/2025,13/05/2025
870,12/05/2025,GPM GPM,12/05/2025,13/05/2025
871,12/05/2025,GPM GPM,12/05/2025,13/05/2025
872,12/05/2025,GPM GPM,12/05/2025,13/05/2025
873,12/05/2025,GPM GPM,12/05/2025,13/05/2025
874,12/05/2025,GPM GPM,12/05/2025,13/05/2025
875,12/05/2025,MUL,12/05/2025,13/05/2025
876,12/05/2025,MUL,12/05/2025,13/05/2025
877,12/05/2025,MUL,12/05/2025,22/05/2025
878,12/05/2025,MUL,12/05/2025,14/05/2025
879,12/05/2025,MUL,12/05/2025,14/05/2025
880,12/05/2025,MUL,12/05/2025,14/05/2025
881,12/05/2025,MUL,12/05/2025,22/05/2025
882,12/05/2025,MUL,12/05/2025,20/05/2025
883,12/05/2025,MUL,06/06/2025,13/06/2025
884,12/05/2025,MUL,06/06/2025,13/06/2025
885,12/05/2025,MUL,12/06/2025,13/06/2025
886,12/05/2025,MUL,12/06/2025,13/06/2025
887,12/05/2025,MUL,12/06/2025,13/06/2025
888,12/05/2025,MUL,12/06/2025,02/07/2025
889,12/05/2025,MUL,12/06/2025,02/07/2025
890,12/05/2025,MUL,12/05/2025,20/05/2025
891,12/05/2025,MUL,12/05/2025,20/05/2025
892,12/05/2025,DLCA,12/05/2025,19/05/2025
893,12/05/2025,DLCA,12/05/2025,19/05/2025
894,12/05/2025,VC,12/05/2025,23/05/2025
895,12/05/2025,KTCN,12/05/2025,23/05/2025
896,12/05/2025,KTCN,12/05/2025,23/05/2025
897,12/05/2025,KTCN,12/05/2025,23/05/2025
898,12/05/2025,TRE,12/05/2025,23/05/2025
899,12/05/2025,DSC,12/05/2025,23/05/2025
900,12/05/2025,BICIE,12/05/2025,23/05/2025
901,12/05/2025,PB,12/05/2025,23/05/2025
902,13/05/2025,STO,13/05/2025,20/05/2025
903,13/05/2025,PB,13/05/2025,20/05/2025
904,13/05/2025,CMMH,14/07/2025,27/06/2025
905,13/05/2025,BIP,14/07/2025,27/06/2025
906,13/05/2025,BM,14/07/2025,27/06/2025
907,13/05/2025,BM,13/05/2025,13/05/2025
908,13/05/2025,CHNS,12/06/2025,11/06/2025
909,13/05/2025,CHNS,12/06/2025,11/06/2025
910,13/05/2025,ACDMH,12/06/2025,11/06/2025
911,13/05/2025,DLCA,12/06/2025,11/06/2025
912,14/05/2025,DLCA,26/05/2025,27/05/2025
913,14/05/2025,DLCA,26/05/2025,27/05/2025
914,14/05/2025,ILC,15/05/2025,14/05/2025
915,14/05/2025,JOW,14/05/2025,14/05/2025
916,14/05/2025,JOW,14/05/2025,14/05/2025
917,14/05/2025,JOW,14/05/2025,14/05/2025
918,14/05/2025,STO,14/05/2025,14/05/2025
919,14/05/2025,GPM GPM,14/05/2025,14/05/2025
920,14/05/2025,MUL,14/05/2025,14/05/2025
921,14/05/2025,MUL,14/05/2025,14/05/2025
922,14/05/2025,PB,14/05/2025,14/05/2025
923,14/05/2025,GPM GPM,19/05/2025,20/05/2025
924,14/05/2025,GPM GPM,19/05/2025,20/05/2025
925,14/05/2025,GPM GPM,14/05/2025,19/05/2025
926,14/05/2025,GPM GPM,14/05/2025,16/05/2025
927,15/05/2025,GPM GPM,26/05/2025,27/05/2025
928,15/05/2025,GPM GPM,26/05/2025,27/05/2025
929,15/05/2025,GPM GPM,26/05/2025,27/05/2025
930,15/05/2025,GPM GPM,02/06/2025,11/06/2025
931,15/05/2025,GPM GPM,23/06/2025,11/06/2025
932,15/05/2025,PAS,26/05/2025,27/05/2025
933,15/05/2025,STO,26/05/2025,27/05/2025
934,15/05/2025,LCM,17/05/2025,11/06/2025
935,15/05/2025,RMF,15/05/2025,16/05/2025
936,15/05/2025,ACV,15/05/2025,16/05/2025
937,15/05/2025,ACV,15/05/2025,19/05/2025
938,15/05/2025,VC,15/05/2025,19/05/2025
939,15/05/2025,VC,15/05/2025,19/05/2025
940,15/05/2025,ACV,15/05/2025,19/05/2025
941,15/05/2025,STO,15/05/2025,19/05/2025
942,15/05/2025,STO,15/05/2025,19/05/2025
943,15/05/2025,MDMEC,15/05/2025,19/05/2025
944,15/05/2025,RIC,15/05/2025,19/05/2025
945,15/05/2025,PIC,15/05/2025,19/05/2025
946,15/05/2025,PIC,15/05/2025,16/05/2025
947,15/05/2025,EST,15/05/2025,16/05/2025
948,15/05/2025,RIC,15/05/2025,16/05/2025
949,16/05/2025,RCSS,16/05/2025,16/05/2025
950,16/05/2025,BCA,23/05/2025,28/05/2025
951,16/05/2025,BCA,23/05/2025,28/05/2025
952,16/05/2025,BCA,23/05/2025,28/05/2025
953,16/05/2025,BCA,19/05/2025,20/05/2025
954,16/05/2025,BCA,23/05/2025,16/06/2025
955,16/05/2025,BICIE,12/06/2025,01/07/2025
956,16/05/2025,VCZ,12/06/2025,01/07/2025
957,16/05/2025,SRPA,12/06/2025,01/07/2025
958,16/05/2025,SRPA,12/06/2025,01/07/2025
959,16/05/2025,SWA,12/06/2025,01/07/2025
960,16/05/2025,SWA,16/05/2025,26/05/2025
961,16/05/2025,SWA,22/05/2025,26/05/2025
962,16/05/2025,BCA,12/06/2025,26/05/2025
963,16/05/2025,ENICA,12/07/2025,26/05/2025
964,16/05/2025,TOD,23/05/2025,26/05/2025
965,16/05/2025,TOD,22/05/2025,26/05/2025
966,16/05/2025,TOD,06/06/2025,23/05/2025
967,16/05/2025,TOD,19/05/2025,11/06/2025
968,16/05/2025,TOD,19/05/2025,21/05/2025
969,19/05/2025,HMC,19/05/2025,21/05/2025
970,19/05/2025,RCM,10/08/2025,13/06/2025
971,19/05/2025,SWA,10/08/2025,
972,19/05/2025,SWA,10/08/2025,
973,19/05/2025,SWA,21/05/2025,16/06/2025
974,19/05/2025,MOLE,19/05/2025,21/05/2025
975,19/05/2025,MOLE,22/05/2025,21/05/2025
976,19/05/2025,MJA,19/05/2025,22/05/2025
977,20/05/2025,TOD,26/05/2025,29/05/2025
978,20/05/2025,MUL,26/05/2025,29/05/2025
979,20/05/2025,PB,26/05/2025,29/05/2025
980,20/05/2025,PB,20/05/2025,27/05/2025
981,20/05/2025,PB,20/05/2025,27/05/2025
982,20/05/2025,PIN,26/05/2025,30/05/2025
983,20/05/2025,PB,23/05/2025,21/05/2025
984,21/05/2025,DCS,26/05/2025,27/05/2025
985,21/05/2025,MJA,26/05/2025,27/05/2025
986,21/05/2025,MJA,26/05/2025,06/06/2025
987,21/05/2025,TOD,26/05/2025,06/06/2025
988,21/05/2025,JPM,21/05/2025,22/05/2025
989,21/05/2025,MJA,21/05/2025,22/05/2025
990,21/05/2025,VC,21/05/2025,11/06/2025
991,21/05/2025,ALRT,23/05/2025,11/06/2025
992,21/05/2025,ALRT,28/05/2025,28/05/2025
993,21/05/2025,ALRT,21/05/2025,21/05/2025
994,21/05/2025,ALRT,21/05/2025,21/05/2025
995,21/05/2025,ALRT,21/05/2025,21/05/2025
996,21/05/2025,ALRT,21/05/2025,21/05/2025
997,21/05/2025,ALRT,21/05/2025,21/05/2025
998,21/05/2025,MF,21/05/2025,21/05/2025
999,21/05/2025,MF,21/05/2025,21/05/2025
1000,21/05/2025,CCT,21/05/2025,21/05/2025
1001,21/05/2025,CCT,21/05/2025,21/05/2025
1002,21/05/2025,STO,21/05/2025,21/05/2025
1003,21/05/2025,DCS,21/05/2025,21/05/2025
1004,21/05/2025,STO,21/05/2025,21/05/2025
1005,21/05/2025,STO,21/05/2025,28/05/2025
1006,21/05/2025,FT,21/05/2025,28/05/2025
1007,21/05/2025,PB,21/05/2025,22/05/2025
1008,21/05/2025,MJA,21/05/2025,22/05/2025
1009,21/05/2025,AEA,21/05/2025,22/05/2025
1010,21/05/2025,AEA,21/05/2025,22/05/2025
1011,21/05/2025,MJA,21/05/2025,26/05/2025
1012,21/05/2025,RTPS,21/05/2025,22/05/2025
1013,21/05/2025,WGA,21/05/2025,22/05/2025
1014,21/05/2025,FT,21/05/2025,22/05/2025
1015,21/05/2025,FT,21/05/2025,21/05/2025
1016,21/05/2025,FT,21/05/2025,22/05/2025
1017,22/05/2025,FT,22/05/2025,22/05/2025
1018,22/05/2025,FT,22/05/2025,04/06/2025
1019,22/05/2025,FT,22/05/2025,22/05/2025
1020,22/05/2025,FT,22/05/2025,23/05/2025
1021,22/05/2025,FT,22/05/2025,23/05/2025
1022,22/05/2025,FT,22/05/2025,23/05/2025
1023,22/05/2025,VC,22/05/2025,23/05/2025
1024,22/05/2025,VC,22/05/2025,23/05/2025
1025,22/05/2025,VC,22/05/2025,23/05/2025
1026,22/05/2025,SAP,22/05/2025,23/05/2025
1027,22/05/2025,TOD,22/05/2025,23/05/2025
1028,22/05/2025,MJA,22/05/2025,23/05/2025
1029,22/05/2025,AB,22/05/2025,27/05/2025
1030,22/05/2025,STO,22/05/2025,23/05/2025
1031,22/05/2025,PB,22/05/2025,23/05/2025
1032,22/05/2025,JOW,22/05/2025,23/05/2025
1033,22/05/2025,JOW,22/05/2025,23/05/2025
1034,22/05/2025,JOW,22/05/2025,23/05/2025
1035,22/05/2025,PB,22/05/2025,23/05/2025
1036,22/05/2025,BFPS,22/05/2025,23/05/2025
1037,22/05/2025,TOD,22/05/2025,26/05/2025
1038,22/05/2025,TOD,22/05/2025,23/05/2025
1039,22/05/2025,TOD,22/05/2025,23/05/2025
1040,22/05/2025,AFE,22/05/2025,23/05/2025
1041,22/05/2025,AFE,24/05/2025,28/05/2025
1042,22/05/2025,FSS,24/05/2025,28/05/2025
1043,22/05/2025,CM,24/05/2025,28/05/2025
1044,22/05/2025,CIMDE,24/05/2025,28/05/2025
1045,22/05/2025,MJA,09/06/2025,28/05/2025
1046,22/05/2025,ACDMH,09/06/2025,04/06/2025
1047,22/05/2025,VC,09/06/2025,04/06/2025
1048,22/05/2025,PB,09/06/2025,04/06/2025
1049,23/05/2025,LCM,24/05/2025,26/05/2025
1050,23/05/2025,DLCA,09/06/2025,11/06/2025
1051,23/05/2025,DLCA,23/05/2025,26/05/2025
1052,23/05/2025,DLCA,23/05/2025,26/05/2025
1053,23/05/2025,DLCA,23/05/2025,26/05/2025
1054,23/05/2025,JOW,28/05/2025,27/05/2025
1055,23/05/2025,CDMICT,28/05/2025,11/06/2025
1056,26/05/2025,SWA,26/05/2025,26/05/2025
1057,26/05/2025,JPM,26/05/2025,27/05/2025
1058,26/05/2025,CM,26/05/2025,27/05/2025
1059,26/05/2025,CM,26/05/2025,27/05/2025
1060,26/05/2025,CM,26/05/2025,27/05/2025
1061,26/05/2025,CM,26/05/2025,27/05/2025
1062,26/05/2025,CM,26/05/2025,27/05/2025
1063,26/05/2025,DLCA,26/05/2025,27/05/2025
1064,26/05/2025,JPM,26/05/2025,27/05/2025
1065,26/05/2025,EMSPPA,26/05/2025,27/05/2025
1066,26/05/2025,EMSPPA,26/05/2025,27/05/2025
1067,26/05/2025,SGB,26/05/2025,27/05/2025
1068,26/05/2025,SGB,26/05/2025,27/05/2025
1069,26/05/2025,SGB,26/05/2025,27/05/2025
1070,26/05/2025,VC,26/05/2025,27/05/2025
1071,26/05/2025,CIDB,26/05/2025,27/05/2025
1072,26/05/2025,MTLEC,12/07/2025,25/06/2025
1073,26/05/2025,WEPP,12/07/2025,25/06/2025
1074,26/05/2025,VC,12/07/2025,25/06/2025
1075,26/05/2025,MRFC,12/07/2025,04/07/2025
1076,26/05/2025,RCSS,26/05/2025,26/05/2025
1077,26/05/2025,OBIC,26/05/2025,27/05/2025
1078,26/05/2025,RCSS,26/05/2025,26/05/2025
1079,26/05/2025,RCSS,26/05/2025,27/05/2025
1080,26/05/2025,SRPA,26/05/2025,27/05/2025
1081,26/05/2025,MCA,26/05/2025,27/05/2025
1082,26/05/2025,MCA,26/05/2025,27/05/2025
1083,26/05/2025,RCM,26/05/2025,27/05/2025
1084,26/05/2025,ALRT,26/05/2025,27/05/2025
1085,26/05/2025,ALRT,26/05/2025,27/05/2025
1086,26/05/2025,ALRT,26/05/2025,27/05/2025
1087,26/05/2025,ALRT,26/05/2025,27/05/2025
1088,26/05/2025,RCM,26/05/2025,27/05/2025
1089,26/05/2025,SWA5,26/05/2025,27/05/2025
1090,26/05/2025,HHC,26/05/2025,27/05/2025
1091,26/05/2025,CHNS,28/05/2025,24/06/2025
1092,26/05/2025,CHNS,26/05/2025,27/05/2025
1093,26/05/2025,EST,26/05/2025,27/05/2025
1094,26/05/2025,EST,26/05/2025,27/05/2025
1095,26/05/2025,EST,29/05/2025,23/06/2025
1096,27/05/2025,EST,27/05/2025,28/05/2025
1097,27/05/2025,VCZ,27/05/2025,30/05/2025
1098,27/05/2025,MOLE,27/05/2025,28/05/2025
1099,27/05/2025,VC,27/05/2025,28/05/2025
1100,27/05/2025,HMC,27/05/2025,28/05/2025
1101,27/05/2025,HMC,27/05/2025,28/05/2025
1102,27/05/2025,HMC,27/05/2025,27/05/2025
1103,27/05/2025,HMC,27/05/2025,01/07/2025
1104,27/05/2025,HMC,27/05/2025,27/05/2025
1105,27/05/2025,HMC,27/05/2025,28/05/2025
1106,28/05/2025,HMC,28/05/2025,28/05/2025
1107,28/05/2025,HMC,28/05/2025,29/05/2025
1108,28/05/2025,HMC,28/05/2025,28/05/2025
1109,28/05/2025,HMC,28/05/2025,28/05/2025
1110,28/05/2025,MCA,28/05/2025,28/05/2025
1111,28/05/2025,MCA,28/05/2025,16/06/2025
1112,28/05/2025,MCA,29/05/2025,16/06/2025
1113,28/05/2025,DLCA,28/05/2025,02/06/2025
1114,28/05/2025,BIP,02/07/2025,13/06/2025
1115,28/05/2025,BM,02/07/2025,13/06/2025
1116,28/05/2025,BM,02/07/2025,13/06/2025
1117,28/05/2025,KTCN,02/07/2025,13/06/2025
1118,28/05/2025,KTCN,02/07/2025,13/06/2025
1119,28/05/2025,CHNS,02/07/2025,13/06/2025
1120,28/05/2025,RPCT,02/07/2025,13/06/2025
1121,28/05/2025,RPCT,02/07/2025,13/06/2025
1122,28/05/2025,RPCT,29/05/2025,29/05/2025
1123,28/05/2025,RPCT,28/05/2025,30/05/2025
1124,28/05/2025,RPCT,02/07/2025,01/07/2025
1125,28/05/2025,RPCT,02/07/2025,01/07/2025
1126,28/05/2025,AFE,02/07/2025,01/07/2025
1127,28/05/2025,MJA,02/07/2025,01/07/2025
1128,28/05/2025,MJA,02/07/2025,01/07/2025
1129,28/05/2025,MJA,02/07/2025,01/07/2025
1130,28/05/2025,MJA,02/07/2025,01/07/2025
1131,28/05/2025,PB,02/07/2025,01/07/2025
1132,28/05/2025,PB,02/07/2025,01/07/2025
1133,28/05/2025,MOLE,02/07/2025,01/07/2025
1134,28/05/2025,RAGS,02/07/2025,01/07/2025
1135,28/05/2025,PB,02/07/2025,01/07/2025
1136,28/05/2025,MR,28/05/2025,01/07/2025
1137,28/05/2025,MR,28/05/2025,29/05/2025
1138,28/05/2025,MR,28/05/2025,29/05/2025
1139,29/05/2025,MR,16/06/2025,10/06/2025
1140,29/05/2025,SGB,16/06/2025,10/06/2025
1141,29/05/2025,SRPA,30/05/2025,12/06/2025
1142,29/05/2025,SRPA,16/06/2025,20/06/2025
1143,29/05/2025,SRPA,16/06/2025,20/06/2025
1144,29/05/2025,SRPA,29/05/2025,29/05/2025
1145,29/05/2025,MCA,29/05/2025,29/05/2025
1146,29/05/2025,SRPA,29/05/2025,29/05/2025
1147,29/05/2025,SRPA,29/05/2025,29/05/2025
1148,29/05/2025,SRPA,29/05/2025,30/05/2025
1149,29/05/2025,JMCT,29/05/2025,30/05/2025
1150,29/05/2025,WCI,29/05/2025,30/05/2025
1151,29/05/2025,WCI,29/05/2025,30/05/2025
1152,29/05/2025,WCI,29/05/2025,30/05/2025
1153,29/05/2025,WCI,29/05/2025,30/05/2025
1154,29/05/2025,VCZ,29/05/2025,05/06/2025
1155,30/05/2025,DCD,30/05/2025,11/06/2025
1156,30/05/2025,VC,02/07/2025,
1157,30/05/2025,VTA,02/07/2025,
1158,30/05/2025,VC,02/07/2025,
1159,30/05/2025,MJA,02/07/2025,
1160,30/05/2025,MJA,02/07/2025,
1161,30/05/2025,SVGM,02/07/2025,
1162,30/05/2025,SVGM,02/07/2025,
1163,30/05/2025,SVGM,02/07/2025,
1164,30/05/2025,LNCE,12/07/2025,25/06/2025
1165,30/05/2025,PMIC,12/07/2025,03/07/2025
1166,30/05/2025,MJA,30/05/2025,02/06/2025
1167,30/05/2025,PMIC,30/05/2025,02/06/2025
1168,30/05/2025,RCO SME,30/05/2025,30/05/2025
1169,30/05/2025,RCO SME,30/05/2025,30/05/2025
1170,30/05/2025,RCO SME,30/05/2025,30/05/2025
1171,30/05/2025,MUL,30/05/2025,30/05/2025
1172,30/05/2025,CM5,30/05/2025,30/05/2025
1173,30/05/2025,GPM GPM,30/05/2025,30/05/2025
1174,30/05/2025,GPM GPM,03/06/2025,12/06/2025
1175,30/05/2025,GPM GPM,30/05/2025,06/06/2025
1176,30/05/2025,GPM GPM,06/06/2025,12/06/2025
1177,30/05/2025,GPM GPM,30/05/2025,02/06/2025
1178,30/05/2025,GPM GPM,30/05/2025,02/06/2025
1179,30/05/2025,GPM GPM,30/05/2025,02/06/2025
1180,30/05/2025,GPM GPM,30/05/2025,02/06/2025
1181,30/05/2025,MJA,30/05/2025,02/06/2025
1182,30/05/2025,MJA,30/05/2025,02/06/2025
1183,30/05/2025,MJA,30/05/2025,30/05/2025
1184,30/05/2025,MJA,30/05/2025,30/05/2025
1185,30/05/2025,MJA,30/05/2025,30/05/2025
1186,30/05/2025,MJA,30/05/2025,30/05/2025
1187,30/05/2025,MJA,30/05/2025,30/05/2025
1188,30/05/2025,MJA,30/05/2025,30/05/2025
1189,30/05/2025,PB,30/05/2025,30/05/2025
1190,30/05/2025,PB,30/05/2025,30/05/2025
1191,30/05/2025,PB,02/07/2025,30/06/2025
1192,30/05/2025,PB,02/07/2025,30/06/2025
1193,30/05/2025,BCA,02/07/2025,30/06/2025
1194,30/05/2025,GPM GPM,30/06/2025,30/06/2025
1195,30/05/2025,GPM GPM,30/06/2025,30/06/2025
1196,30/05/2025,GPM GPM,30/06/2025,20/06/2025
1197,30/05/2025,GPM GPM,30/06/2025,20/06/2025
1198,30/05/2025,GPM GPM,30/06/2025,30/06/2025
1199,30/05/2025,GPM GPM,30/06/2025,30/06/2025
1200,30/05/2025,MUL,30/06/2025,30/06/2025
1201,30/05/2025,MUL,12/07/2025,
1202,30/05/2025,MUL,12/07/2025,
1203,30/05/2025,MUL,12/07/2025,
1204,30/05/2025,MUL,30/05/2025,09/06/2025
1205,02/06/2025,MUL,02/06/2025,02/06/2025
1206,02/06/2025,MUL,02/06/2025,02/06/2025
1207,02/06/2025,MUL,02/06/2025,02/06/2025
1208,02/06/2025,MUL,02/06/2025,02/06/2025
1209,02/06/2025,MUL,02/06/2025,02/06/2025
1210,03/06/2025,MUL,03/06/2025,04/06/2025
1211,03/06/2025,MUL,03/06/2025,04/06/2025
1212,03/06/2025,MUL,03/06/2025,04/06/2025
1213,04/06/2025,MUL,04/06/2025,09/06/2025
1214,04/06/2025,MUL,04/06/2025,04/06/2025
1215,04/06/2025,MUL,04/06/2025,04/06/2025
1216,04/06/2025,MUL,04/06/2025,04/06/2025
1217,04/06/2025,DLCA,04/06/2025,04/06/2025
1218,04/06/2025,DLCA,04/06/2025,04/06/2025
1219,05/06/2025,VC,05/06/2025,09/06/2025
1220,05/06/2025,KTCN,05/06/2025,09/06/2025
1221,05/06/2025,KTCN,05/06/2025,09/06/2025
1222,05/06/2025,KTCN,05/06/2025,09/06/2025
1223,05/06/2025,TRE,05/06/2025,06/06/2025
1224,05/06/2025,DSC,05/06/2025,06/06/2025
1225,05/06/2025,BICIE,05/06/2025,06/06/2025
1226,05/06/2025,PB,05/06/2025,06/06/2025
1227,05/06/2025,STO,05/06/2025,06/06/2025
1228,05/06/2025,PB,05/06/2025,06/06/2025
1229,05/06/2025,CMMH,05/06/2025,06/06/2025
1230,05/06/2025,BIP,05/06/2025,06/06/2025
1231,05/06/2025,BM,05/06/2025,06/06/2025
1232,05/06/2025,BM,05/06/2025,06/06/2025
1233,05/06/2025,CHNS,05/06/2025,06/06/2025
1234,05/06/2025,CHNS,05/06/2025,06/06/2025
1235,05/06/2025,ACDMH,05/06/2025,06/06/2025
1236,05/06/2025,DLCA,05/06/2025,06/06/2025
1237,05/06/2025,DLCA,05/06/2025,06/06/2025
1238,05/06/2025,DLCA,05/06/2025,06/06/2025
1239,06/06/2025,ILC,06/06/2025,06/06/2025
1240,06/06/2025,JOW,06/06/2025,06/06/2025
1241,06/06/2025,JOW,06/06/2025,06/06/2025
1242,06/06/2025,JOW,06/06/2025,06/06/2025
1243,06/06/2025,STO,06/06/2025,17/06/2025
1244,06/06/2025,GPM GPM,06/06/2025,10/06/2025
1245,06/06/2025,MUL,06/06/2025,09/06/2025
1246,06/06/2025,MUL,06/06/2025,09/06/2025
1247,06/06/2025,PB,06/06/2025,11/06/2025
1248,06/06/2025,GPM GPM,06/06/2025,11/06/2025
1249,06/06/2025,GPM GPM,06/06/2025,11/06/2025
1250,06/06/2025,GPM GPM,06/06/2025,11/06/2025
1251,06/06/2025,GPM GPM,06/06/2025,11/06/2025
1252,06/06/2025,GPM GPM,06/06/2025,11/06/2025
1253,06/06/2025,GPM GPM,06/06/2025,11/06/2025
1254,06/06/2025,GPM GPM,06/06/2025,11/06/2025
1255,06/06/2025,GPM GPM,06/06/2025,11/06/2025
1256,06/06/2025,GPM GPM,10/06/2025,11/06/2025
1257,06/06/2025,PAS,10/06/2025,11/06/2025
1258,06/06/2025,STO,09/06/2025,12/06/2025
1259,06/06/2025,LCM,09/06/2025,12/06/2025
1260,06/06/2025,RMF,06/06/2025,09/06/2025
1261,06/06/2025,ACV,06/06/2025,09/06/2025
1262,06/06/2025,ACV,06/06/2025,09/06/2025
1263,06/06/2025,VC,06/06/2025,09/06/2025
1264,06/06/2025,VC,06/06/2025,09/06/2025
1265,06/06/2025,ACV,06/06/2025,09/06/2025
1266,06/06/2025,STO,11/06/2025,12/06/2025
1267,06/06/2025,STO,06/06/2025,12/06/2025
1268,06/06/2025,MDMEC,06/06/2025,12/06/2025
1269,09/06/2025,RIC,09/06/2025,11/06/2025
1270,09/06/2025,PIC,09/06/2025,09/06/2025
1271,09/06/2025,PIC,09/06/2025,09/06/2025
1272,09/06/2025,EST,09/06/2025,11/06/2025
1273,09/06/2025,RIC,09/06/2025,11/06/2025
1274,09/06/2025,RCSS,09/06/2025,09/06/2025
1275,09/06/2025,BCA,09/06/2025,09/06/2025
1276,09/06/2025,BCA,09/06/2025,25/06/2025
1277,09/06/2025,BCA,09/06/2025,25/06/2025
1278,09/06/2025,BCA,25/06/2025,25/06/2025
1279,09/06/2025,BCA,09/06/2025,01/07/2025
1280,09/06/2025,BICIE,09/06/2025,10/06/2025
1281,09/06/2025,VCZ,09/06/2025,09/06/2025
1282,09/06/2025,SRPA,09/06/2025,09/06/2025
1283,09/06/2025,SRPA,09/06/2025,10/06/2025
1284,09/06/2025,SWA,09/06/2025,10/06/2025
1285,09/06/2025,SWA,09/06/2025,09/06/2025
1286,09/06/2025,SWA,11/06/2025,12/06/2025
1287,09/06/2025,BCA,09/06/2025,09/06/2025
1288,09/06/2025,ENICA,09/06/2025,09/06/2025
1289,09/06/2025,TOD,09/06/2025,09/06/2025
1290,09/06/2025,TOD,09/06/2025,09/06/2025
1291,09/06/2025,TOD,09/06/2025,09/06/2025
1292,09/06/2025,TOD,09/06/2025,09/06/2025
1293,09/06/2025,TOD,09/06/2025,11/06/2025
1294,09/06/2025,HMC,13/06/2025,17/06/2025
1295,09/06/2025,RCM,09/06/2025,11/06/2025
1296,09/06/2025,SWA,09/06/2025,10/06/2025
1297,09/06/2025,SWA,09/06/2025,10/06/2025
1298,09/06/2025,SWA,09/06/2025,10/06/2025
1299,09/06/2025,MOLE,09/06/2025,10/06/2025
1300,09/06/2025,MOLE,09/06/2025,10/06/2025
1301,09/06/2025,MJA,09/06/2025,10/06/2025
1302,10/06/2025,TOD,10/06/2025,11/06/2025
1303,10/06/2025,MUL,10/06/2025,11/06/2025
1304,10/06/2025,PB,10/06/2025,10/06/2025
1305,10/06/2025,PB,10/06/2025,10/06/2025
1306,10/06/2025,PB,10/06/2025,11/06/2025
1307,10/06/2025,PIN,10/06/2025,12/06/2025
1308,10/06/2025,PB,10/06/2025,10/06/2025
1309,10/06/2025,DCS,10/06/2025,11/06/2025
1310,10/06/2025,MJA,10/06/2025,12/06/2025
1311,10/06/2025,MJA,10/06/2025,12/06/2025
1312,10/06/2025,TOD,13/06/2025,11/06/2025
1313,11/06/2025,JPM,11/06/2025,12/06/2025
1314,11/06/2025,MJA,11/06/2025,12/06/2025
1315,11/06/2025,VC,11/06/2025,12/06/2025
1316,11/06/2025,ALRT,11/06/2025,12/06/2025
1317,11/06/2025,ALRT,11/06/2025,12/06/2025
1318,11/06/2025,ALRT,11/06/2025,12/06/2025
1319,11/06/2025,ALRT,11/06/2025,12/06/2025
1320,11/06/2025,ALRT,16/06/2025,17/06/2025
1321,11/06/2025,ALRT,16/06/2025,17/06/2025
1322,12/06/2025,ALRT,12/06/2025,12/06/2025
1323,12/06/2025,MF,12/06/2025,12/06/2025
1324,12/06/2025,MF,12/06/2025,12/06/2025
1325,12/06/2025,CCT,13/06/2025,17/06/2025
1326,12/06/2025,CCT,12/06/2025,16/06/2025
1327,12/06/2025,STO,12/06/2025,12/06/2025
1328,12/06/2025,DCS,12/06/2025,16/06/2025
1329,12/06/2025,STO,12/06/2025,16/06/2025
1330,12/06/2025,STO,12/06/2025,16/06/2025
1331,12/06/2025,FT,12/06/2025,16/06/2025
1332,13/06/2025,PB,13/06/2025,16/06/2025
1333,13/06/2025,MJA,13/06/2025,16/06/2025
1334,13/06/2025,AEA,13/06/2025,16/06/2025
1335,13/06/2025,AEA,17/06/2025,20/06/2025
1336,13/06/2025,MJA,13/06/2025,16/06/2025
1337,13/06/2025,RTPS,13/06/2025,18/06/2025
1338,13/06/2025,WGA,13/06/2025,18/06/2025
1339,13/06/2025,FT,13/06/2025,18/06/2025
1340,13/06/2025,FT,13/06/2025,18/06/2025
1341,13/06/2025,FT,13/06/2025,18/06/2025
1342,13/06/2025,FT,13/06/2025,18/06/2025
1343,13/06/2025,FT,13/06/2025,18/06/2025
1344,13/06/2025,FT,13/06/2025,13/06/2025
1345,13/06/2025,FT,13/06/2025,13/06/2025
1346,16/06/2025,FT,18/06/2025,20/06/2025
1347,16/06/2025,FT,18/06/2025,20/06/2025
1348,16/06/2025,VC,18/06/2025,20/06/2025
1349,16/06/2025,VC,19/06/2025,20/06/2025
1350,16/06/2025,VC,25/06/2025,07/07/2025
1351,16/06/2025,SAP,16/06/2025,24/06/2025
1352,17/06/2025,TOD,17/06/2025,17/06/2025
1353,17/06/2025,MJA,17/06/2025,17/06/2025
1354,17/06/2025,AB,17/06/2025,17/06/2025
1355,17/06/2025,STO,17/06/2025,17/06/2025
1356,17/06/2025,PB,17/06/2025,17/06/2025
1357,17/06/2025,JOW,20/06/2025,04/07/2025
1358,17/06/2025,JOW,17/06/2025,18/06/2025
1359,17/06/2025,JOW,17/06/2025,23/06/2025
1360,17/06/2025,PB,17/06/2025,23/06/2025
1361,17/06/2025,BFPS,17/06/2025,23/06/2025
1362,17/06/2025,TOD,17/06/2025,23/06/2025
1363,17/06/2025,TOD,17/06/2025,23/06/2025
1364,17/06/2025,TOD,17/06/2025,23/06/2025
1365,17/06/2025,AFE,17/06/2025,23/06/2025
1366,17/06/2025,AFE,17/06/2025,23/06/2025
1367,17/06/2025,FSS,17/06/2025,23/06/2025
1368,17/06/2025,CM,17/06/2025,23/06/2025
1369,17/06/2025,CIMDE,20/06/2025,
1370,17/06/2025,MJA,20/06/2025,
1371,17/06/2025,ACDMH,18/06/2025,30/06/2025
1372,17/06/2025,VC,17/06/2025,20/06/2025
1373,18/06/2025,PB,18/06/2025,08/07/2025
1374,18/06/2025,LCM,18/06/2025,20/06/2025
1375,18/06/2025,DLCA,20/06/2025,30/06/2025
1376,18/06/2025,DLCA,18/06/2025,20/06/2025
1377,18/06/2025,DLCA,18/06/2025,30/06/2025
1378,18/06/2025,DLCA,18/06/2025,30/06/2025
1379,18/06/2025,JOW,18/06/2025,30/06/2025
1380,18/06/2025,CDMICT,18/06/2025,20/06/2025
1381,18/06/2025,SWA,18/06/2025,30/06/2025
1382,18/06/2025,JPM,18/06/2025,20/06/2025
1383,18/06/2025,CM,18/06/2025,23/06/2025
1384,18/06/2025,CM,18/06/2025,23/06/2025
1385,18/06/2025,CM,20/06/2025,23/06/2025
1386,18/06/2025,CM,20/06/2025,23/06/2025
1387,18/06/2025,CM,18/06/2025,20/06/2025
1388,18/06/2025,DLCA,18/06/2025,20/06/2025
1389,20/06/2025,JPM,20/06/2025,27/06/2025
1390,20/06/2025,EMSPPA,20/06/2025,20/06/2025
1391,20/06/2025,EMSPPA,23/06/2025,
1392,20/06/2025,SGB,23/06/2025,01/07/2025
1393,20/06/2025,SGB,20/06/2025,20/06/2025
1394,20/06/2025,SGB,20/06/2025,23/06/2025
1395,20/06/2025,VC,30/06/2025,30/06/2025
1396,20/06/2025,CIDB,30/06/2025,30/06/2025
1397,20/06/2025,MTLEC,30/06/2025,30/06/2025
1398,20/06/2025,WEPP,30/06/2025,30/06/2025
1399,20/06/2025,VC,30/06/2025,30/06/2025
1400,20/06/2025,MRFC,30/06/2025,11/07/2025
1401,20/06/2025,RCSS,20/06/2025,23/06/2025
1402,20/06/2025,OBIC,20/06/2025,23/06/2025
1403,20/06/2025,RCSS,20/06/2025,
1404,20/06/2025,RCSS,20/06/2025,
1405,20/06/2025,SRPA,20/06/2025,
1406,20/06/2025,MCA,20/06/2025,
1407,20/06/2025,MCA,20/06/2025,
1408,20/06/2025,RCM,20/06/2025,
1409,20/06/2025,ALRT,20/06/2025,30/06/2025
1410,20/06/2025,ALRT,20/06/2025,23/06/2025
1411,20/06/2025,ALRT,20/06/2025,23/06/2025
1412,20/06/2025,ALRT,20/06/2025,23/06/2025
1413,23/06/2025,RCM,25/06/2025,04/07/2025
1414,23/06/2025,SWA6,07/07/2025,04/07/2025
1415,23/06/2025,HHC,07/07/2025,04/07/2025
1416,23/06/2025,CHNS,07/07/2025,04/07/2025
1417,23/06/2025,CHNS,11/07/2025,
1418,23/06/2025,EST,23/06/2025,23/06/2025
1419,23/06/2025,EST,04/07/2025,
1420,23/06/2025,EST,02/07/2025,
1421,23/06/2025,EST,23/06/2025,25/06/2025
1422,23/06/2025,VCZ,23/06/2025,25/06/2025
1423,23/06/2025,MOLE,04/07/2025,11/07/2025
1424,23/06/2025,VC,23/06/2025,25/06/2025
1425,23/06/2025,HMC,23/06/2025,25/06/2025
1426,24/06/2025,HMC,24/06/2025,30/06/2025
1427,24/06/2025,HMC,24/06/2025,24/06/2025
1428,24/06/2025,HMC,24/06/2025,24/06/2025
1429,24/06/2025,HMC,24/06/2025,30/06/2025
1430,24/06/2025,HMC,24/06/2025,25/06/2025
1431,24/06/2025,HMC,24/06/2025,25/06/2025
1432,24/06/2025,HMC,24/06/2025,25/06/2025
1433,24/06/2025,HMC,24/06/2025,25/06/2025
1434,24/06/2025,HMC,24/06/2025,30/06/2025
1435,24/06/2025,MCA,24/06/2025,30/06/2025
1436,25/06/2025,MCA,25/06/2025,26/06/2025
1437,25/06/2025,MCA,25/06/2025,04/07/2025
1438,25/06/2025,DLCA,04/07/2025,04/07/2025
1439,25/06/2025,BIP,12/07/2025,
1440,25/06/2025,BM,12/07/2025,
1441,25/06/2025,BM,12/07/2025,
1442,25/06/2025,KTCN,12/07/2025,
1443,25/06/2025,KTCN,25/06/2025,04/07/2025
1444,25/06/2025,CHNS,25/06/2025,27/06/2025
1445,26/06/2025,RPCT,30/06/2025,04/07/2025
1446,26/06/2025,RPCT,26/06/2025,02/07/2025
1447,26/06/2025,RPCT,26/06/2025,02/07/2025
1448,26/06/2025,RPCT,26/06/2025,02/07/2025
1449,26/06/2025,RPCT,26/06/2025,02/07/2025
1450,26/06/2025,RPCT,26/06/2025,02/07/2025
1451,26/06/2025,AFE,26/06/2025,02/07/2025
1452,26/06/2025,MJA,26/06/2025,02/07/2025
1453,26/06/2025,MJA,26/06/2025,02/07/2025
1454,26/06/2025,MJA,26/06/2025,02/07/2025
1455,26/06/2025,MJA,26/06/2025,02/07/2025
1456,26/06/2025,PB,27/06/2025,08/07/2025
1457,26/06/2025,PB,27/06/2025,08/07/2025
1458,26/06/2025,MOLE,27/06/2025,08/07/2025
1459,26/06/2025,RAGS,30/06/2025,
1460,26/06/2025,PB,16/07/2025,
1461,26/06/2025,MR,16/07/2025,
1462,26/06/2025,MR,16/07/2025,
1463,26/06/2025,MR,12/07/2025,
1464,26/06/2025,MR,12/07/2025,
1465,27/06/2025,SGB,27/06/2025,01/07/2025
1466,27/06/2025,SRPA,27/06/2025,01/07/2025
1467,27/06/2025,SRPA,27/06/2025,01/07/2025
1468,27/06/2025,SRPA,27/06/2025,01/07/2025
1469,27/06/2025,SRPA,27/06/2025,01/07/2025
1470,27/06/2025,MCA,27/06/2025,01/07/2025
1471,27/06/2025,SRPA,27/06/2025,27/06/2025
1472,27/06/2025,SRPA,27/06/2025,30/06/2025
1473,27/06/2025,SRPA,27/06/2025,30/06/2025
1474,27/06/2025,JMCT,27/06/2025,30/06/2025
1475,27/06/2025,WCI,27/06/2025,30/06/2025
1476,27/06/2025,WCI,27/06/2025,30/06/2025
1477,27/06/2025,WCI,27/06/2025,30/06/2025
1478,27/06/2025,WCI,27/06/2025,27/06/2025
1479,27/06/2025,VCZ,27/06/2025,27/06/2025
1480,27/06/2025,DCD,27/06/2025,02/07/2025
1481,27/06/2025,VC,27/06/2025,01/07/2025
1482,27/06/2025,VTA,07/07/2025,
1483,27/06/2025,VC,07/07/2025,
1484,27/06/2025,MJA,07/07/2025,
1485,27/06/2025,MJA,07/07/2025,
1486,27/06/2025,SVGM,12/07/2025,04/07/2025
1487,27/06/2025,SVGM,27/06/2025,01/07/2025
1488,27/06/2025,SVGM,27/06/2025,01/07/2025
1489,27/06/2025,LNCE,30/06/2025,01/07/2025
1490,27/06/2025,PMIC,30/06/2025,01/07/2025
1491,27/06/2025,MJA,27/06/2025,02/07/2025
1492,27/06/2025,PMIC,27/06/2025,01/07/2025
1493,27/06/2025,RCO SME,27/06/2025,01/07/2025
1494,27/06/2025,RCO SME,27/06/2025,01/07/2025
1495,27/06/2025,RCO SME,27/06/2025,30/06/2025
1496,27/06/2025,MUL,27/07/2025,
1497,27/06/2025,CM6,27/07/2025,
1498,27/06/2025,GPM GPM,27/07/2025,
1499,27/06/2025,GPM GPM,27/07/2025,
1500,30/06/2025,GPM GPM,02/07/2025,04/07/2025
1501,30/06/2025,GPM GPM,30/06/2025,04/07/2025
1502,30/06/2025,GPM GPM,30/06/2025,30/06/2025
1503,30/06/2025,GPM GPM,03/07/2025,11/07/2025
1504,30/06/2025,GPM GPM,30/06/2025,01/07/2025
1505,01/07/2025,GPM GPM,01/07/2025,04/07/2025
1506,01/07/2025,MJA,01/07/2025,04/07/2025
1507,01/07/2025,MJA,01/07/2025,04/07/2025
1508,01/07/2025,MJA,25/07/2025,
1509,01/07/2025,MJA,01/07/2025,04/07/2025
1510,01/07/2025,MJA,03/07/2025,11/07/2025
1511,01/07/2025,MJA,01/07/2025,11/07/2025
1512,01/07/2025,MJA,01/07/2025,02/07/2025
1513,01/07/2025,MJA,24/07/2025,
1514,01/07/2025,PB,24/07/2025,
1515,01/07/2025,PB,24/07/2025,
1516,01/07/2025,PB,01/07/2025,02/07/2025
1517,01/07/2025,PB,01/07/2025,02/07/2025
1518,01/07/2025,BCA,01/07/2025,02/07/2025
1519,02/07/2025,GPM GPM,02/07/2025,02/07/2025
1520,02/07/2025,GPM GPM,02/07/2025,02/07/2025
1521,02/07/2025,GPM GPM,03/07/2025,08/07/2025
1522,02/07/2025,GPM GPM,02/07/2025,03/07/2025
1523,02/07/2025,GPM GPM,02/07/2025,03/07/2025
1524,02/07/2025,GPM GPM,02/07/2025,03/07/2025
1525,02/07/2025,MUL,02/07/2025,03/07/2025
1526,02/07/2025,MUL,02/07/2025,03/07/2025
1527,02/07/2025,MUL,02/07/2025,07/07/2025
1528,02/07/2025,MUL,02/07/2025,03/07/2025
1529,02/07/2025,MUL,02/07/2025,03/07/2025
1530,02/07/2025,MUL,02/07/2025,03/07/2025
1531,02/07/2025,MUL,02/07/2025,03/07/2025
1532,02/07/2025,MUL,02/07/2025,04/07/2025
1533,02/07/2025,MUL,02/07/2025,04/07/2025
1534,02/07/2025,MUL,02/07/2025,04/07/2025
1535,02/07/2025,MUL,02/07/2025,04/07/2025
1536,02/07/2025,MUL,02/07/2025,04/07/2025
1537,02/07/2025,MUL,02/07/2025,04/07/2025
1538,02/07/2025,MUL,02/07/2025,04/07/2025
1539,02/07/2025,MUL,02/07/2025,04/07/2025
1540,02/07/2025,MUL,02/07/2025,04/07/2025
1541,02/07/2025,MUL,02/07/2025,04/07/2025
1542,02/07/2025,DLCA,02/07/2025,04/07/2025
1543,02/07/2025,DLCA,02/07/2025,04/07/2025
1544,02/07/2025,VC,02/07/2025,04/07/2025
1545,02/07/2025,KTCN,02/07/2025,04/07/2025
1546,03/07/2025,KTCN,05/07/2025,
1547,03/07/2025,KTCN,05/07/2025,
1548,03/07/2025,TRE,05/07/2025,
1549,03/07/2025,DSC,05/07/2025,
1550,03/07/2025,BICIE,05/07/2025,
1551,03/07/2025,PB,03/07/2025,
1552,03/07/2025,STO,05/07/2025,
1553,03/07/2025,PB,05/07/2025,
1554,03/07/2025,CMMH,05/07/2025,
1555,03/07/2025,BIP,05/07/2025,
1556,03/07/2025,BM,05/07/2025,
1557,03/07/2025,BM,05/07/2025,
1558,03/07/2025,CHNS,05/07/2025,
1559,03/07/2025,CHNS,05/07/2025,
1560,03/07/2025,ACDMH,05/07/2025,
1561,03/07/2025,DLCA,05/07/2025,
1562,03/07/2025,DLCA,05/07/2025,
1563,03/07/2025,DLCA,03/07/2025,11/07/2025
1564,03/07/2025,ILC,03/07/2025,11/07/2025
1565,03/07/2025,JOW,07/07/2025,11/07/2025
1566,03/07/2025,JOW,21/07/2025,
1567,03/07/2025,JOW,21/07/2025,
1568,03/07/2025,STO,21/07/2025,
1569,04/07/2025,GPM GPM,04/07/2025,07/07/2025
1570,04/07/2025,MUL,05/07/2025,
1571,04/07/2025,MUL,05/07/2025,
1572,04/07/2025,PB,04/07/2025,08/07/2025
1573,04/07/2025,GPM GPM,21/07/2025,
1574,04/07/2025,GPM GPM,04/07/2025,07/07/2025
1575,04/07/2025,GPM GPM,09/07/2025,11/07/2025
1576,04/07/2025,GPM GPM,04/07/2025,07/07/2025
1577,04/07/2025,GPM GPM,27/07/2025,
1578,04/07/2025,GPM GPM,27/07/2025,
1579,04/07/2025,GPM GPM,27/07/2025,
1580,04/07/2025,GPM GPM,04/07/2025,04/07/2025
1581,04/07/2025,GPM GPM,04/07/2025,04/07/2025
1582,04/07/2025,PAS,04/07/2025,11/07/2025
1583,04/07/2025,STO,09/07/2025,11/07/2025
1584,04/07/2025,LCM,09/07/2025,11/07/2025
1585,04/07/2025,RMF,09/07/2025,11/07/2025
1586,04/07/2025,ACV,04/07/2025,08/07/2025
1587,04/07/2025,ACV,04/07/2025,11/07/2025
1588,04/07/2025,VC,04/07/2025,11/07/2025
1589,04/07/2025,VC,04/07/2025,11/07/2025
1590,04/07/2025,ACV,04/07/2025,11/07/2025
1591,04/07/2025,STO,07/07/2025,09/07/2025
1592,04/07/2025,STO,04/07/2025,
1593,04/07/2025,MDMEC,04/07/2025,
1594,07/07/2025,RIC,07/07/2025,10/07/2025
1595,07/07/2025,PIC,07/07/2025,10/07/2025
1596,07/07/2025,PIC,07/07/2025,10/07/2025
1597,07/07/2025,EST,07/07/2025,10/07/2025
1598,07/07/2025,RIC,07/07/2025,10/07/2025
1599,07/07/2025,RCSS,07/07/2025,10/07/2025
1600,07/07/2025,BCA,07/07/2025,10/07/2025
1601,07/07/2025,BCA,07/07/2025,10/07/2025
1602,07/07/2025,BCA,07/07/2025,10/07/2025
1603,07/07/2025,BCA,07/07/2025,10/07/2025
1604,08/07/2025,BCA,08/07/2025,10/07/2025
1605,08/07/2025,BICIE,08/07/2025,10/07/2025
1606,08/07/2025,VCZ,08/07/2025,10/07/2025
1607,08/07/2025,SRPA,08/07/2025,10/07/2025
1608,08/07/2025,SRPA,10/07/2025,11/07/2025
1609,08/07/2025,SWA,11/07/2025,
1610,08/07/2025,SWA,08/07/2025,10/07/2025
1611,08/07/2025,SWA,10/07/2025,11/07/2025
1612,08/07/2025,BCA,10/07/2025,11/07/2025
1613,08/07/2025,ENICA,10/07/2025,11/07/2025
1614,09/07/2025,TOD,09/07/2025,
1615,09/07/2025,TOD,14/07/2025,
1616,09/07/2025,TOD,14/07/2025,
1617,09/07/2025,TOD,09/07/2025,
1618,09/07/2025,TOD,09/07/2025,
1619,09/07/2025,HMC,11/07/2025,
1620,09/07/2025,RCM,27/07/2025,
1621,10/07/2025,SWA,10/07/2025,10/07/2025
1622,10/07/2025,SWA,10/07/2025,10/07/2025
1623,10/07/2025,SWA,10/07/2025,10/07/2025
1624,10/07/2025,MOLE,10/07/2025,10/07/2025
1625,10/07/2025,MOLE,10/07/2025,10/07/2025
1626,10/07/2025,MJA,10/07/2025,10/07/2025
1627,10/07/2025,TOD,10/07/2025,
1628,10/07/2025,MUL,10/07/2025,
1629,10/07/2025,PB,10/07/2025,
1630,10/07/2025,PB,10/07/2025,
1631,10/07/2025,PB,10/07/2025,
1632,10/07/2025,PIN,10/07/2025,
1633,10/07/2025,PB,27/07/2025,
1634,11/07/2025,DCS,11/07/2025,
1635,11/07/2025,MJA,11/07/2025,
1636,11/07/2025,MJA,11/07/2025,
1637,11/07/2025,TOD,11/07/2025,
1638,11/07/2025,JPM,11/07/2025,
1639,11/07/2025,MJA,11/07/2025,
1640,11/07/2025,VC,11/07/2025,
1641,11/07/2025,ALRT,11/07/2025,
1642,11/07/2025,ALRT,11/07/2025,
1643,11/07/2025,ALRT,11/07/2025,
1644,11/07/2025,ALRT,11/07/2025,
1645,11/07/2025,ALRT,11/07/2025,
1646,11/07/2025,ALRT,11/07/2025,